date,iso3
10/1/2018,abw
7/1/2019,ago
10/1/2018,aia
7/1/2019,alb
7/1/2019,are
10/1/2018,arg
10/1/2018,asm
10/1/2018,atg
10/1/2018,aus
7/1/2019,aut
7/1/2019,bdi
7/1/2019,bel
7/1/2019,ben
10/1/2018,bfa
10/1/2018,bgd
7/1/2019,bgr
7/1/2019,bhr
10/1/2018,bhs
7/1/2019,bih
7/1/2019,blr
10/1/2018,blz
10/1/2018,bol
10/1/2018,bra
10/1/2018,brb
10/1/2018,brn
10/1/2018,btn
7/1/2019,bwa
10/1/2018,caf
7/1/2019,che
10/1/2018,chl
7/1/2019,civ
7/1/2019,cmr
10/1/2018,cod
10/1/2018,cog
10/1/2018,cok
10/1/2018,col
10/1/2018,com
7/1/2019,cpv
10/1/2018,cri
10/1/2018,cym
7/1/2019,cze
7/1/2019,deu
7/1/2019,dji
10/1/2018,dma
10/1/2018,dom
10/1/2018,dza
10/1/2018,ecu
10/1/2018,egy
7/1/2019,eri
7/1/2019,esp
7/1/2019,est
10/1/2018,eth
10/1/2018,fji
7/1/2019,fra
10/1/2018,fsm
10/1/2018,gab
7/1/2019,gbr
7/1/2019,gha
10/1/2018,gin
10/1/2018,glp
7/1/2019,gmb
10/1/2018,gnb
10/1/2018,gnq
7/1/2019,grc
10/1/2018,grd
10/1/2018,gtm
10/1/2018,guf
10/1/2018,gum
10/1/2018,guy
10/1/2018,hkg
10/1/2018,hnd
7/1/2019,hrv
10/1/2018,hti
7/1/2019,hun
10/1/2018,idn
7/1/2019,irl
7/1/2019,irq
7/1/2019,isl
7/1/2019,ita
10/1/2018,jam
7/1/2019,jor
10/1/2018,jpn
10/1/2018,kaz
10/1/2018,ken
10/1/2018,kgz
10/1/2018,khm
10/1/2018,kir
10/1/2018,kna
10/1/2018,kor
7/1/2019,kwt
10/1/2018,lao
7/1/2019,lbn
10/1/2018,lbr
10/1/2018,lby
10/1/2018,lca
7/1/2019,lie
10/1/2018,lka
7/1/2019,lso
7/1/2019,ltu
7/1/2019,lva
10/1/2018,mac
7/1/2019,mco
7/1/2019,mda
10/1/2018,mdg
10/1/2018,mdv
10/1/2018,mex
10/1/2018,mhl
7/1/2019,mkd
10/1/2018,mli
7/1/2019,mlt
10/1/2018,mng
10/1/2018,mnp
7/1/2019,moz
10/1/2018,mrt
10/1/2018,msr
10/1/2018,mus
10/1/2018,mwi
10/1/2018,mys
7/1/2019,myt
7/1/2019,nam
10/1/2018,ncl
10/1/2018,ner
10/1/2018,nga
10/1/2018,nic
7/1/2019,nld
10/1/2018,npl
10/1/2018,nru
10/1/2018,nzl
7/1/2019,omn
10/1/2018,pan
10/1/2018,per
10/1/2018,phl
10/1/2018,plw
10/1/2018,png
7/1/2019,pol
10/1/2018,pri
7/1/2019,prt
10/1/2018,pry
10/1/2018,pyf
7/1/2019,qat
10/1/2018,reu
7/1/2019,rou
10/1/2018,rwa
7/1/2019,sau
10/1/2018,sen
10/1/2018,sgp
10/1/2018,slb
7/1/2019,sle
10/1/2018,slv
7/1/2019,smr
7/1/2019,srb
7/1/2019,stp
10/1/2018,sur
7/1/2019,svk
7/1/2019,svn
7/1/2019,swz
10/1/2018,syc
10/1/2018,tca
10/1/2018,tcd
7/1/2019,tgo
10/1/2018,tha
10/1/2018,tjk
10/1/2018,tkm
10/1/2018,tls
10/1/2018,ton
10/1/2018,tto
10/1/2018,tun
10/1/2018,tuv
10/1/2018,twn
10/1/2018,tza
7/1/2019,uga
10/1/2018,ury
7/1/2019,usa
10/1/2018,uzb
10/1/2018,vct
10/1/2018,vgb
10/1/2018,vir
10/1/2018,vnm
10/1/2018,vut
10/1/2018,wlf
10/1/2018,wsm
7/1/2019,zaf
7/1/2019,zmb
7/1/2019,zwe
