system:index,cc,country,fpop_rate,p2000,p2000_a_1,p2000_a_2,p2000_a_3,p2000_f,p2000_f_1,p2000_f_2,p2000_f_3,p2000_nf_1,p2000_nf_2,p2000_nf_3,pdelt,pdelt_a_1,pdelt_a_2,pdelt_a_3,pdelt_f,pdelt_f_1,pdelt_f_2,pdelt_f_3,pdelt_nf_1,pdelt_nf_2,pdelt_nf_3,region,.geo
00000000000000000000,CD,Chad,0.0,8481508.144633988,1379675.4147123627,2497503.5217928602,4604329.208128765,0.0,0.0,0.0,0.0,1379675.4147123627,2497503.5217928602,4604329.208128765,5753105.290333043,909339.494967165,1933885.3087483242,2909880.486617553,0.0,0.0,0.0,0.0,909339.494967165,1933885.3087483242,2909880.486617553,Africa,
00000000000000000014,MI,Malawi,0.0,1.1641927293211546E7,5422302.788172659,4990800.642151466,1228823.862887421,0.0,0.0,0.0,0.0,5422302.788172659,4990800.642151466,1228823.862887421,6268496.017448714,2441290.487502101,2855817.2447550953,971388.2851915183,0.0,0.0,0.0,0.0,2441290.487502101,2855817.2447550953,971388.2851915183,Africa,
00000000000000000015,ZA,Zambia,1.8370681245679545,1.085984272653195E7,2889299.6996630635,3613323.0388896912,4357219.987979196,37632.04971637427,30489.917512426804,7082.084222685261,60.04798126220703,2858809.782150637,3606240.954667006,4357159.939997934,5752124.202839917,1148374.5103620999,1633512.7768773376,2970236.9156004786,36617.42955118253,18739.735378556892,17858.282944445706,19.41122817993164,1129634.774983543,1615654.4939328919,2970217.5043722987,Africa,
00000000000000000016,ZI,Zimbabwe,19.770199621871676,1.3235197511131685E7,3557991.4242088366,5035413.237478035,4641792.849444814,5314.407833707553,1311.8086022035327,4002.5992315040207,0.0,3556679.615606633,5031410.638246531,4641792.849444814,3290671.1623587767,1367312.6598170658,1100451.2499669867,822907.2525747241,26122.816072775116,7274.454097844119,18848.361974931,0.0,1360038.2057192216,1081602.8879920556,822907.2525747241,Africa,
00000000000000000017,BC,Botswana,0.3260591769045477,1891185.396829451,464199.0068385957,779124.0757675064,647862.3142233489,547.5985529937955,506.1043870964261,41.494165897369385,0.0,463692.9024514993,779082.581601609,647862.3142233489,568230.4458059054,270323.01497156627,190935.81218267017,106971.618651669,53.647453691408,74.69858818111751,-21.05113448970951,0.0,270248.31638338516,190956.86331715988,106971.618651669,Africa,
00000000000000000018,WA,Namibia,-0.39984751676783187,2054268.135731962,1361203.652929477,374189.6263009618,318874.8565015234,13752.77483620874,13401.95936980478,350.8154664039612,0.0,1347801.6935596722,373838.81083455787,318874.8565015234,593377.5726521305,200510.56278422973,166398.95571330836,226468.05415459245,-1588.3958136732024,-1890.2987960869712,301.90298241376877,0.0,202400.8615803167,166097.0527308946,226468.05415459245,Africa,
00000000000000000019,AO,Angola,8.842689977935674,1.5255449341130015E7,4415028.563655355,3200970.2239550785,7639450.5535195805,699.1664639111644,612.1870866414196,86.97937726974487,0.0,4414416.376568713,3200883.244577809,7639450.5535195805,1.0098796099006962E7,569064.5516305836,1784577.935439567,7745153.611936813,4092.6969460468995,3189.610524557184,903.0864214897156,0.0,565874.9411060264,1783674.8490180774,7745153.611936813,Africa,
0000000000000000001a,BY,Burundi,0.0,6705218.047596872,1180569.526359844,3873289.9818653585,1651358.539371669,0.0,0.0,0.0,0.0,1180569.526359844,3873289.9818653585,1651358.539371669,4411183.210671032,562292.5089240909,2146260.071809755,1702630.629937186,0.0,0.0,0.0,0.0,562292.5089240909,2146260.071809755,1702630.629937186,Africa,
0000000000000000001b,RW,Rwanda,0.0,8058861.122046947,1250590.2229340689,5465146.763851548,1343124.13526133,0.0,0.0,0.0,0.0,1250590.2229340689,5465146.763851548,1343124.13526133,3584854.7262104414,357084.49748085736,2444275.3289615423,783494.8997680421,0.0,0.0,0.0,0.0,357084.49748085736,2444275.3289615423,783494.8997680421,Africa,
0000000000000000001c,SF,South Africa,-3.8129064628126597,5.1103954210037425E7,1.3781495095257876E7,1.3836970381430546E7,2.3485488733349E7,964.9104490727186,964.9104490727186,0.0,0.0,1.3780530184808804E7,1.3836970381430546E7,2.3485488733349E7,1.0910442925910575E7,642169.1808543378,2239086.830946082,8029186.914110157,-785.4725952148438,-785.4725952148438,0.0,0.0,642954.6534495526,2239086.830946082,8029186.914110157,Africa,
0000000000000000001d,LT,Lesotho,0.0,2129756.260201401,971158.9111635352,873651.5251131114,284945.82392475463,0.0,0.0,0.0,0.0,971158.9111635352,873651.5251131114,284945.82392475463,316760.4333583791,84955.06042261048,174639.72180904838,57165.651126720266,0.0,0.0,0.0,0.0,84955.06042261048,174639.72180904838,57165.651126720266,Africa,
0000000000000000001e,WZ,Swaziland,0.0,1179715.818001315,632684.8794729689,386949.53438604006,160081.4041423062,0.0,0.0,0.0,0.0,632684.8794729689,386949.53438604006,160081.4041423062,251397.02929001476,154438.78620850752,58140.533041208015,38817.71004029922,0.0,0.0,0.0,0.0,154438.78620850752,58140.533041208015,38817.71004029922,Africa,
00000000000000000022,MF,Mayotte,0.0,146611.2655289389,22608.366488902575,72280.84680185415,51722.05223818218,0.0,0.0,0.0,0.0,22608.366488902575,72280.84680185415,51722.05223818218,86781.09134401463,11051.414135434718,42915.145431902754,32814.53177667714,0.0,0.0,0.0,0.0,11051.414135434718,42915.145431902754,32814.53177667714,Africa,
00000000000000000094,NG,Niger,0.0,1.153410373109883E7,2581333.542231231,4555133.649696152,4397636.539171446,0.0,0.0,0.0,0.0,2581333.542231231,4555133.649696152,4397636.539171446,8910990.355781078,2060231.9566951292,3524037.9862120175,3326720.4128739326,0.0,0.0,0.0,0.0,2060231.9566951292,3524037.9862120175,3326720.4128739326,Africa,
00000000000000000095,SU,Sudan,0.0,2.8714983307412863E7,4159559.531841932,8361619.742799376,1.6193804032771556E7,0.0,0.0,0.0,0.0,4159559.531841932,8361619.742799376,1.6193804032771556E7,1.2301268850573445E7,1547494.1110458074,3111489.4625899815,7642285.276937656,0.0,0.0,0.0,0.0,1547494.1110458074,3111489.4625899815,7642285.276937656,Africa,
00000000000000000096,LY,Libya,0.0,6237493.047888882,899986.3772942384,1887455.4003411918,3450051.2702534515,0.0,0.0,0.0,0.0,899986.3772942384,1887455.4003411918,3450051.2702534515,1104101.2425448908,242236.8506415981,419749.38596900844,442115.0059342843,0.0,0.0,0.0,0.0,242236.8506415981,419749.38596900844,442115.0059342843,Africa,
00000000000000000097,UU,Koualou Area,0.0,0.0,0.0,0.0,0.0,0.0,0.0,0.0,0.0,0.0,0.0,0.0,0.0,0.0,0.0,0.0,0.0,0.0,0.0,0.0,0.0,0.0,0.0,Africa,
00000000000000000098,TS,Tunisia,0.0,1.18682578674284E7,1594120.040363592,4620796.775104716,5653341.051960091,0.0,0.0,0.0,0.0,1594120.040363592,4620796.775104716,5653341.051960091,1914788.666592822,291640.20558064495,413976.5178081759,1209171.943204001,0.0,0.0,0.0,0.0,291640.20558064495,413976.5178081759,1209171.943204001,Africa,
000000000000000000a8,EG,Egypt,8.52712475220401,7.852063068261898E7,1883122.6979952801,1.2423885150017928E7,6.421362283460577E7,14.17605888291408,14.17605888291408,0.0,0.0,1883108.5219363973,1.2423885150017928E7,6.421362283460577E7,2.6594178780579194E7,720436.9213123046,4484429.229383126,2.1389312629883762E7,40.94123414406004,40.941243737885976,-9.593825933395647E-6,0.0,720395.9800685666,4484429.229392719,2.1389312629883762E7,Africa,
000000000000000000a9,EG,Bir Tawil,0.0,0.0,0.0,0.0,0.0,0.0,0.0,0.0,0.0,0.0,0.0,0.0,0.0,0.0,0.0,0.0,0.0,0.0,0.0,0.0,0.0,0.0,0.0,Africa,
000000000000000000aa,SU,Halaib Triangle,0.0,2502.773337809369,2502.773337809369,0.0,0.0,0.0,0.0,0.0,0.0,2502.773337809369,0.0,0.0,2952.704515967518,2952.704515967518,0.0,0.0,0.0,0.0,0.0,0.0,2952.704515967518,0.0,0.0,Africa,
000000000000000000c0,ER,Eritrea,0.0,3672612.833676973,469619.17546429334,1423570.8327036789,1779422.8255090003,0.0,0.0,0.0,0.0,469619.17546429334,1423570.8327036789,1779422.8255090003,1761602.3956786767,287684.3975424725,712651.6970358737,761266.3011003304,0.0,0.0,0.0,0.0,287684.3975424725,712651.6970358737,761266.3011003304,Africa,
000000000000000000c1,ET,Ethiopia,0.0,6.717593850799423E7,1.0853167832609652E7,2.6095442985990565E7,3.0227327689394023E7,0.0,0.0,0.0,0.0,1.0853167832609652E7,2.6095442985990565E7,3.0227327689394023E7,3.3368935086192053E7,3853472.824081916,1.4417752267044794E7,1.5097709995065344E7,0.0,0.0,0.0,0.0,3853472.824081916,1.4417752267044794E7,1.5097709995065344E7,Africa,
000000000000000000c2,DJ,Djibouti,0.0,701885.9710851298,86713.29719975826,191218.89514397387,423953.7787413977,0.0,0.0,0.0,0.0,86713.29719975826,191218.89514397387,423953.7787413977,168680.65427981794,62296.01508680761,82275.9133586663,24108.725834344044,0.0,0.0,0.0,0.0,62296.01508680761,82275.9133586663,24108.725834344044,Africa,
000000000000000000c3,SO,Somalia,0.0,7472429.355181931,1732213.8003765494,3080769.794576349,2659445.7602290316,0.0,0.0,0.0,0.0,1732213.8003765494,3080769.794576349,2659445.7602290316,3442475.9233598923,1143419.099616951,1198233.4193626249,1100823.4043803161,0.0,0.0,0.0,0.0,1143419.099616951,1198233.4193626249,1100823.4043803161,Africa,
000000000000000000c4,OD,South Sudan,0.0,6959399.068130573,1292458.7095218601,2720668.8524951288,2946271.506113585,0.0,0.0,0.0,0.0,1292458.7095218601,2720668.8524951288,2946271.506113585,5749055.195321953,462979.2416699376,2117989.8849571976,3168086.068694817,0.0,0.0,0.0,0.0,462979.2416699376,2117989.8849571976,3168086.068694817,Africa,
000000000000000000c5,UU,Abyei Area,0.0,1538.2358748820263,1538.2358748820263,0.0,0.0,0.0,0.0,0.0,0.0,1538.2358748820263,0.0,0.0,1702.22850317136,1702.22850317136,0.0,0.0,0.0,0.0,0.0,0.0,1702.22850317136,0.0,0.0,Africa,
000000000000000000c6,KE,Kenya,0.0,3.1048638427912697E7,1.1802373678669455E7,1.3531898754373537E7,5714365.994869705,0.0,0.0,0.0,0.0,1.1802373678669455E7,1.3531898754373537E7,5714365.994869705,1.4978084736409465E7,1565311.8793997583,1.004464302940502E7,3368129.8276046864,0.0,0.0,0.0,0.0,1565311.8793997583,1.004464302940502E7,3368129.8276046864,Africa,
000000000000000000c7,UG,Uganda,0.0,2.3783253059439663E7,5923922.928308616,1.3411838975185357E7,4447491.15594569,0.0,0.0,0.0,0.0,5923922.928308616,1.3411838975185357E7,4447491.15594569,1.5319373355360292E7,1525661.8337717773,1.0137042897502849E7,3656668.6240856666,0.0,0.0,0.0,0.0,1525661.8337717773,1.0137042897502849E7,3656668.6240856666,Africa,
000000000000000000c8,TZ,Tanzania,0.0,3.407309118668006E7,1.383053900392049E7,1.4139234982811766E7,6103317.199947809,0.0,0.0,0.0,0.0,1.383053900392049E7,1.4139234982811766E7,6103317.199947809,1.952925373655022E7,2489685.4419493065,1.114590239691344E7,5893665.897687471,0.0,0.0,0.0,0.0,2489685.4419493065,1.114590239691344E7,5893665.897687471,Africa,
000000000000000000c9,MZ,Mozambique,4.54262615217624,1.8997685824705914E7,4304260.021430073,7630870.165536749,7062555.637739094,2634.648979830564,2634.648979830564,0.0,0.0,4301625.372450243,7630870.165536749,7062555.637739094,1.0106419206663417E7,1919499.6492034092,4285407.375180073,3901512.182279935,6366.875615252631,2329.4038964644847,4037.471718788147,0.0,1917170.2453069447,4281369.903461285,3901512.182279935,Africa,
000000000000000000ca,CN,Comoros,0.0,513123.0667111971,78699.9790572801,168248.28466673108,266174.8029871859,0.0,0.0,0.0,0.0,78699.9790572801,168248.28466673108,266174.8029871859,221374.8118446412,44539.95155698314,82999.00291609873,93835.85737155931,0.0,0.0,0.0,0.0,44539.95155698314,82999.00291609873,93835.85737155931,Africa,
000000000000000000cb,MA,Madagascar,0.0,1.6546777036757946E7,7041925.227698032,7285634.277213234,2219217.5318466793,0.0,0.0,0.0,0.0,7041925.227698032,7285634.277213234,2219217.5318466793,8944287.686133325,2113346.6768719703,4799513.530683523,2031427.478577833,0.0,0.0,0.0,0.0,2113346.6768719703,4799513.530683523,2031427.478577833,Africa,
000000000000000000dc,CV,Cabo Verde,0.0,437867.9398847578,69558.16464091603,296678.6405069759,71631.13473686588,0.0,0.0,0.0,0.0,69558.16464091603,296678.6405069759,71631.13473686588,63010.66269640069,1974.8370771942296,21729.350287454195,39306.47533175226,0.0,0.0,0.0,0.0,1974.8370771942296,21729.350287454195,39306.47533175226,Africa,
000000000000000000de,WI,Western Sahara,0.0,334416.06565729744,59248.8140416623,238796.03909917825,36371.21251645689,0.0,0.0,0.0,0.0,59248.8140416623,238796.03909917825,36371.21251645689,291115.1692070544,41695.36577537059,180408.8646209922,69010.93881069162,0.0,0.0,0.0,0.0,41695.36577537059,180408.8646209922,69010.93881069162,Africa,
000000000000000000df,MR,Mauritania,0.0,2782571.584711272,978227.6759802393,1129227.8679296593,675116.0408013733,0.0,0.0,0.0,0.0,978227.6759802393,1129227.8679296593,675116.0408013733,1386415.6449442522,87112.55177810337,665854.3217668636,633448.7713992852,0.0,0.0,0.0,0.0,87112.55177810337,665854.3217668636,633448.7713992852,Africa,
000000000000000000e0,MO,Morocco,0.0,3.4431738472703286E7,8028148.232831301,9888289.045528552,1.6515301194343433E7,0.0,0.0,0.0,0.0,8028148.232831301,9888289.045528552,1.6515301194343433E7,6464929.535971069,688743.7991224744,2005694.9912344594,3770490.7456141356,0.0,0.0,0.0,0.0,688743.7991224744,2005694.9912344594,3770490.7456141356,Africa,
000000000000000000e1,SP,Spain (Canary Is),0.0,1839831.5406042628,220474.1402011575,702129.9729973809,917227.4274057245,0.0,0.0,0.0,0.0,220474.1402011575,702129.9729973809,917227.4274057245,476649.3600894038,57643.68206622453,185799.7438691042,233205.93415407508,0.0,0.0,0.0,0.0,57643.68206622453,185799.7438691042,233205.93415407508,Africa,
000000000000000000e2,PO,Portugal (Madeira Is),-0.0,309917.9885441045,57716.602948343585,118257.54994496943,133943.83565079153,0.0,0.0,0.0,0.0,57716.602948343585,118257.54994496943,133943.83565079153,-3054.638551412764,-4301.845659052756,-11358.058896415492,12605.266004055484,0.0,0.0,0.0,0.0,-4301.845659052756,-11358.058896415492,12605.266004055484,Africa,
000000000000000000e4,SP,Spain (Africa),0.0,183607.0585298079,917.9871337106126,10359.187181153193,172329.8842149441,0.0,0.0,0.0,0.0,917.9871337106126,10359.187181153193,172329.8842149441,39119.95684230298,364.03742627064673,935.0935033021019,37820.82591273023,0.0,0.0,0.0,0.0,364.03742627064673,935.0935033021019,37820.82591273023,Africa,
000000000000000000e8,AG,Algeria,0.0,3.8224905331454575E7,6237524.95548583,1.567481511872746E7,1.6312565257241286E7,0.0,0.0,0.0,0.0,6237524.95548583,1.567481511872746E7,1.6312565257241286E7,1.038029094104037E7,1150208.8898516234,3608719.535353892,5621362.515834855,0.0,0.0,0.0,0.0,1150208.8898516234,3608719.535353892,5621362.515834855,Africa,
000000000000000000e9,ML,Mali,0.0,1.1383702630396761E7,4911694.844702039,4119899.1043943195,2352108.6813004026,0.0,0.0,0.0,0.0,4911694.844702039,4119899.1043943195,2352108.6813004026,6712603.221364958,1428469.7300645083,2762950.410492071,2521183.0808083788,0.0,0.0,0.0,0.0,1428469.7300645083,2762950.410492071,2521183.0808083788,Africa,
000000000000000000ea,UV,Burkina Faso,9.327460794295577,1.1799960262314163E7,3812347.7565592094,4990374.222437986,2997238.283316967,792.5303778017222,780.3430876100718,0.0,12.18729019165039,3811567.4134715996,4990374.222437986,2997226.0960267754,6662576.64672943,1312385.1915120282,2585307.1560355173,2764884.299181884,4173.890231991321,2937.9998005872076,498.5199785232544,737.3704528808594,1309447.191711441,2584808.636056994,2764146.9287290033,Africa,
000000000000000000eb,TO,Togo,1.3710670469306576,4867153.370143759,851978.9365899676,1571112.427831844,2444062.0057219476,17156.380232151292,2721.0412947233986,12517.041066791908,1918.2978706359863,849257.8952952442,1558595.386765052,2442143.7078513117,2401220.261706101,473218.6262895948,507967.0197450903,1420034.6156714156,11604.897886456176,2779.4573617603264,10101.11890470836,-1275.6783800125122,470439.1689278345,497865.9008403819,1421310.294051428,Africa,
000000000000000000ec,GH,Ghana,1.6423337472048665,1.8980094902278263E7,4073463.334044696,6788502.315534066,8118129.252699502,23132.567974783735,8867.87141676838,14264.696558015356,0.0,4064595.4626279273,6774237.618976051,8118129.252699502,8681003.517513774,2004294.240966487,2120927.0517299683,4555782.224817319,17376.28041780553,14690.480321563296,2685.800096242232,0.0,1989603.7606449237,2118241.251633726,4555782.224817319,Africa,
000000000000000000ed,IV,Cote d'Ivoire,0.0,1.6627593283349337E7,6090372.093029048,4805833.138458341,5731388.051861947,0.0,0.0,0.0,0.0,6090372.093029048,4805833.138458341,5731388.051861947,6248010.730574543,2807196.373710357,1574880.9877003012,1865933.3691638838,0.0,0.0,0.0,0.0,2807196.373710357,1574880.9877003012,1865933.3691638838,Africa,
000000000000000000ee,GV,Guinea,0.0,8951269.562331531,3535854.3716015746,2805537.1390516143,2609878.0516783423,0.0,0.0,0.0,0.0,3535854.3716015746,2805537.1390516143,2609878.0516783423,3837945.2292003077,1225476.8516180995,1133296.747462031,1479171.6301201775,0.0,0.0,0.0,0.0,1225476.8516180995,1133296.747462031,1479171.6301201775,Africa,
000000000000000000ef,SG,Senegal,0.0,1.0126540969841793E7,1242389.2575408116,2095722.091304061,6788429.620996922,0.0,0.0,0.0,0.0,1242389.2575408116,2095722.091304061,6788429.620996922,5406249.890621306,835318.6445640952,1232320.8487869832,3338610.3972702282,0.0,0.0,0.0,0.0,835318.6445640952,1232320.8487869832,3338610.3972702282,Africa,
000000000000000000f0,GA,"Gambia, The",0.0,1264207.5899790209,338224.98036796553,391767.38396240654,534215.2256486487,0.0,0.0,0.0,0.0,338224.98036796553,391767.38396240654,534215.2256486487,782217.512670152,162783.86243144484,213585.28028754483,405848.36995116237,0.0,0.0,0.0,0.0,162783.86243144484,213585.28028754483,405848.36995116237,Africa,
000000000000000000f1,PU,Guinea-Bissau,0.0,1331132.9482045895,397709.4429934828,480390.49198869,453033.01322241686,0.0,0.0,0.0,0.0,397709.4429934828,480390.49198869,453033.01322241686,542219.1318933128,131426.07365302436,124123.83899328813,286669.2192470003,0.0,0.0,0.0,0.0,131426.07365302436,124123.83899328813,286669.2192470003,Africa,
000000000000000000f2,SL,Sierra Leone,0.0,4026613.867008427,1532644.0033621558,1375367.4683541607,1118602.395292111,0.0,0.0,0.0,0.0,1532644.0033621558,1375367.4683541607,1118602.395292111,2411609.5579251735,867780.2279119217,767465.035489936,776364.2945233157,0.0,0.0,0.0,0.0,867780.2279119217,767465.035489936,776364.2945233157,Africa,
000000000000000000f3,LI,Liberia,0.0,2892476.4267354924,1401531.3722355543,650958.2869269215,839986.7675730167,0.0,0.0,0.0,0.0,1401531.3722355543,650958.2869269215,839986.7675730167,1608944.2992242887,657093.2165432153,268007.31558842736,683843.767092646,0.0,0.0,0.0,0.0,657093.2165432153,268007.31558842736,683843.767092646,Africa,
000000000000000000f4,BN,Benin,15.197061084084664,6961331.251597399,1075607.3804028868,2895231.4099162333,2990492.461278279,9.405126702752622,9.405126702752622,0.0,0.0,1075597.975276184,2895231.4099162333,2990492.461278279,3956069.0868204185,919285.5626355702,1555653.5621247697,1481129.9620600783,81.22614219084875,81.22614219084875,0.0,0.0,919204.3364933793,1555653.5621247697,1481129.9620600783,Africa,
000000000000000000f5,NI,Nigeria,0.0,1.2449250113803363E8,1.4924642150059849E7,4.272924245843314E7,6.683861652954065E7,0.0,0.0,0.0,0.0,1.4924642150059849E7,4.272924245843314E7,6.683861652954065E7,6.010049270612807E7,1.1166940379235826E7,2.0862789868836354E7,2.807076245805589E7,0.0,0.0,0.0,0.0,1.1166940379235826E7,2.0862789868836354E7,2.807076245805589E7,Africa,
000000000000000000f6,CM,Cameroon,0.0,1.5871036877826825E7,3005804.4119343106,4680265.738528578,8184966.727363937,0.0,0.0,0.0,0.0,3005804.4119343106,4680265.738528578,8184966.727363937,7314129.378062864,1396642.6930612233,1430721.3710099775,4486765.313991663,0.0,0.0,0.0,0.0,1396642.6930612233,1430721.3710099775,4486765.313991663,Africa,
000000000000000000f7,EK,Equatorial Guinea,0.0,517320.4433388036,243304.96960432938,103445.32166601246,170570.15206846176,0.0,0.0,0.0,0.0,243304.96960432938,103445.32166601246,170570.15206846176,300411.2601620051,77695.48934659339,38099.02359702556,184616.74721838615,0.0,0.0,0.0,0.0,77695.48934659339,38099.02359702556,184616.74721838615,Africa,
000000000000000000f8,TP,Sao Tome & Principe,0.0,125728.31034752974,24650.57621628089,17736.30216043115,83341.4319708177,0.0,0.0,0.0,0.0,24650.57621628089,17736.30216043115,83341.4319708177,50336.4940557344,11840.389381177834,8684.942958764826,29811.161715791743,0.0,0.0,0.0,0.0,11840.389381177834,8684.942958764826,29811.161715791743,Africa,
000000000000000000f9,GB,Gabon,0.0,1219002.914721609,344242.1613514441,274020.39310415427,600740.3602660109,0.0,0.0,0.0,0.0,344242.1613514441,274020.39310415427,600740.3602660109,488276.41816599976,147256.46403582423,124569.37768873223,216450.57644144332,0.0,0.0,0.0,0.0,147256.46403582423,124569.37768873223,216450.57644144332,Africa,
000000000000000000fa,CF,Rep of the Congo,0.0,3092225.651157108,656877.8557814861,336626.2159427679,2098721.579432854,0.0,0.0,0.0,0.0,656877.8557814861,336626.2159427679,2098721.579432854,1556276.3767698472,461604.6617525192,324258.2300240436,770413.4849932843,0.0,0.0,0.0,0.0,461604.6617525192,324258.2300240436,770413.4849932843,Africa,
000000000000000000fb,CT,Central African Rep,0.0,3777797.98302167,1283325.7917977972,1666448.707147664,828023.4840762088,0.0,0.0,0.0,0.0,1283325.7917977972,1666448.707147664,828023.4840762088,1225873.2953389564,463232.9588081863,447002.02641972475,315638.3101110455,0.0,0.0,0.0,0.0,463232.9588081863,447002.02641972475,315638.3101110455,Africa,
000000000000000000fc,CG,Dem Rep of the Congo,0.0,4.834306411361025E7,1.3182432093361573E7,1.4108228495159991E7,2.1052403525088686E7,0.0,0.0,0.0,0.0,1.3182432093361573E7,1.4108228495159991E7,2.1052403525088686E7,2.9404099824247085E7,7731814.9634595215,8952654.593378607,1.2719630267408954E7,0.0,0.0,0.0,0.0,7731814.9634595215,8952654.593378607,1.2719630267408954E7,Africa,
0000000000000000003e,HK,Hong Kong,0.0,5945602.730147381,30318.19734181697,145055.3222223269,5770229.210583237,0.0,0.0,0.0,0.0,30318.19734181697,145055.3222223269,5770229.210583237,479895.904245883,3693.392739877684,7915.404795926085,468287.10671007924,0.0,0.0,0.0,0.0,3693.392739877684,7915.404795926085,468287.10671007924,E Asia,
0000000000000000003f,MC,Macau,0.0,383380.7095554889,0.8103974706986371,0.0,383379.8991580182,0.0,0.0,0.0,0.0,0.8103974706986371,0.0,383379.8991580182,106413.50297642828,0.892090362661025,0.0,106412.61088606562,0.0,0.0,0.0,0.0,0.892090362661025,0.0,106412.61088606562,E Asia,
00000000000000000040,TW,Taiwan,0.0,2.390426388567418E7,1167838.6411654886,4361829.191404549,1.837459605310414E7,0.0,0.0,0.0,0.0,1167838.6411654886,4361829.191404549,1.837459605310414E7,1581967.7261828997,37458.80363693374,-48607.480691160396,1593116.4032371263,0.0,0.0,0.0,0.0,37458.80363693374,-48607.480691160396,1593116.4032371263,E Asia,
00000000000000000041,UU,Senkakus,0.0,0.0,0.0,0.0,0.0,0.0,0.0,0.0,0.0,0.0,0.0,0.0,0.0,0.0,0.0,0.0,0.0,0.0,0.0,0.0,0.0,0.0,0.0,E Asia,
00000000000000000042,JA,Japan,0.0,1.5128104008924013E8,1.2528206955162369E7,3.485228275311577E7,1.0390055038096198E8,0.0,0.0,0.0,0.0,1.2528206955162369E7,3.485228275311577E7,1.0390055038096198E8,846010.0071436116,-254168.54221621228,-1106427.198193393,2206605.7475532168,0.0,0.0,0.0,0.0,-254168.54221621228,-1106427.198193393,2206605.7475532168,E Asia,
00000000000000000043,KS,"Korea, South",0.0,5.642449973397446E7,4254402.775012189,7976805.071465654,4.419329188749661E7,0.0,0.0,0.0,0.0,4254402.775012189,7976805.071465654,4.419329188749661E7,5174398.230630131,-233712.92076499382,1130615.364434294,4277495.786960831,0.0,0.0,0.0,0.0,-233712.92076499382,1130615.364434294,4277495.786960831,E Asia,
00000000000000000044,KN,"Korea, North",0.0,2.9316849142516684E7,3530986.076879242,1.1576063132683128E7,1.4209799932954315E7,0.0,0.0,0.0,0.0,3530986.076879242,1.1576063132683128E7,1.4209799932954315E7,2899168.924590118,785571.2262412936,1194794.3566423336,918803.3417064908,0.0,0.0,0.0,0.0,785571.2262412936,1194794.3566423336,918803.3417064908,E Asia,
00000000000000000045,UU,Korean Is. (UN Jurisdiction),0.0,9277.722373085135,9277.722373085135,0.0,0.0,0.0,0.0,0.0,0.0,9277.722373085135,0.0,0.0,222.0715289373402,222.0715289373402,0.0,0.0,0.0,0.0,0.0,0.0,222.0715289373402,0.0,0.0,E Asia,
00000000000000000046,CH,China,0.0,4.883778736660987E8,7.824648821960261E7,1.9085943418962678E8,2.192719512568693E8,0.0,0.0,0.0,0.0,7.824648821960261E7,1.9085943418962678E8,2.192719512568693E8,4.979399537627565E7,1662057.6295516866,1.909421383476541E7,2.9037723911958557E7,0.0,0.0,0.0,0.0,1662057.6295516866,1.909421383476541E7,2.9037723911958557E7,E Asia,
00000000000000000048,CH,China,-0.2822781132613756,4.710588014863173E7,1.892301145810295E7,1.2994727466474056E7,1.5188141224054722E7,854.2035284638405,755.0219336152077,99.18159484863281,0.0,1.8922256436169334E7,1.2994628284879208E7,1.5188141224054722E7,8454010.88159592,-431485.6326842392,4808718.362511565,4076778.1517685954,-43.27392088249326,-34.8039120323956,-8.470008850097656,0.0,-431450.8287722068,4808726.832520415,4076778.1517685954,E Asia,
000000000000000000d5,CH,China,-1.0736788233394627,1.1080018592765704E8,2.329624093023267E7,5.017562028584717E7,3.7328324711577184E7,10.251882821321487,10.251882821321487,0.0,0.0,2.329623067834985E7,5.017562028584717E7,3.7328324711577184E7,7318893.746670525,-1301048.2180651457,4815978.375450461,3803963.5892852084,-0.7270812983624637,-0.7270812983624637,0.0,0.0,-1301047.4909838473,4815978.375450461,3803963.5892852084,E Asia,
000000000000000000d9,CH,China,0.0,8.685913140627524E8,1.0312227432142743E8,3.759079538438552E8,3.895610858974697E8,0.0,0.0,0.0,0.0,1.0312227432142743E8,3.759079538438552E8,3.895610858974697E8,5.8871237225304715E7,-2432491.0706949956,7230501.056970772,5.407322723902894E7,0.0,0.0,0.0,0.0,-2432491.0706949956,7230501.056970772,5.407322723902894E7,E Asia,
00000000000000000129,UU,Liancourt Rocks,0.0,0.0,0.0,0.0,0.0,0.0,0.0,0.0,0.0,0.0,0.0,0.0,0.0,0.0,0.0,0.0,0.0,0.0,0.0,0.0,0.0,0.0,0.0,E Asia,
0000000000000000000a,RS,Russia,-0.0,1.7246460231507242E8,3.2341553155750047E7,5.3539105469451204E7,8.658394368987116E7,0.0,0.0,0.0,0.0,3.2341553155750047E7,5.3539105469451204E7,8.658394368987116E7,-338344.9045939477,375687.9736842095,-2293349.1751902616,1579316.2969121044,0.0,0.0,0.0,0.0,375687.9736842095,-2293349.1751902616,1579316.2969121044,Europe,
0000000000000000000c,UP,Ukraine,-0.0,7.401492387329543E7,2.246024343590218E7,2.0410302063970637E7,3.1144378373422608E7,0.0,0.0,0.0,0.0,2.246024343590218E7,2.0410302063970637E7,3.1144378373422608E7,-5950562.514880042,-1991204.9876125231,-2363043.602670846,-1596313.9245966726,0.0,0.0,0.0,0.0,-1991204.9876125231,-2363043.602670846,-1596313.9245966726,Europe,
0000000000000000000d,RO,Romania,0.35274372160805795,3.1696892570127077E7,1.4343914839689085E7,7844546.538453862,9508431.191984128,191.07586760176162,191.07586760176162,0.0,0.0,1.4343723763821483E7,7844546.538453862,9508431.191984128,-3803259.3172196555,-2589148.3691253196,-178393.82254254218,-1035717.1255517937,-8.087315440212613,-8.087315440212613,0.0,0.0,-2589140.2818098795,-178393.82254254218,-1035717.1255517937,Europe,
0000000000000000000e,MD,Moldova,-0.0,6180262.52874107,2479056.2216316964,2265170.143372303,1436036.163737071,0.0,0.0,0.0,0.0,2479056.2216316964,2265170.143372303,1436036.163737071,-200326.90611825173,-53576.41569187058,-64548.09927801279,-82202.39114836836,0.0,0.0,0.0,0.0,-53576.41569187058,-64548.09927801279,-82202.39114836836,Europe,
00000000000000000011,RS,Russia,-0.0,1.2912129813943652E7,4091064.7555062063,4120153.567897355,4700911.490540091,0.0,0.0,0.0,0.0,4091064.7555062063,4120153.567897355,4700911.490540091,-1339999.3552043568,-365333.08763430064,-643459.5059442462,-331206.76162581006,0.0,0.0,0.0,0.0,-365333.08763430064,-643459.5059442462,-331206.76162581006,Europe,
00000000000000000012,FI,Finland,0.0,1.0797214640696762E7,3807358.6116100866,4267986.00805452,2721870.0210321555,0.0,0.0,0.0,0.0,3807358.6116100866,4267986.00805452,2721870.0210321555,640870.6567793279,-49629.527802571596,207453.92692790466,483046.25765399495,0.0,0.0,0.0,0.0,-49629.527802571596,207453.92692790466,483046.25765399495,Europe,
00000000000000000013,NO,Norway,0.0,8694832.357116293,3829296.5901433895,3027904.555024396,1837631.211948507,0.0,0.0,0.0,0.0,3829296.5901433895,3027904.555024396,1837631.211948507,1317017.9386743165,329162.7126967324,519019.61495373014,468835.611023854,0.0,0.0,0.0,0.0,329162.7126967324,519019.61495373014,468835.611023854,Europe,
00000000000000000099,AN,Andorra,0.0,88302.80761387681,15869.646063081143,72433.16155079566,0.0,0.0,0.0,0.0,0.0,15869.646063081143,72433.16155079566,0.0,6795.194946987556,10432.424689700829,-3637.2297427132726,0.0,0.0,0.0,0.0,0.0,10432.424689700829,-3637.2297427132726,0.0,Europe,
0000000000000000009a,IT,Italy,0.0,7.732781768640056E7,1.8479476816216316E7,3.064051183454924E7,2.8207829035635E7,0.0,0.0,0.0,0.0,1.8479476816216316E7,3.064051183454924E7,2.8207829035635E7,3757588.9495824985,1262272.3811354984,2304891.8087461623,190424.759700838,0.0,0.0,0.0,0.0,1262272.3811354984,2304891.8087461623,190424.759700838,Europe,
0000000000000000009b,MN,Monaco,0.0,36355.92384054146,0.0,0.0,36355.92384054146,0.0,0.0,0.0,0.0,0.0,0.0,36355.92384054146,6458.663570180593,0.0,0.0,6458.663570180593,0.0,0.0,0.0,0.0,0.0,0.0,6458.663570180593,Europe,
0000000000000000009c,MT,Malta,0.0,463744.7931569277,17720.392521746544,89294.91633874126,356729.4842964399,0.0,0.0,0.0,0.0,17720.392521746544,89294.91633874126,356729.4842964399,36816.013688731095,8591.261248947767,19876.880594178136,8347.871845605194,0.0,0.0,0.0,0.0,8591.261248947767,19876.880594178136,8347.871845605194,Europe,
0000000000000000009d,SM,San Marino,0.0,38506.9482358015,6868.849034076965,31638.099201724537,0.0,0.0,0.0,0.0,0.0,6868.849034076965,31638.099201724537,0.0,5821.536780359752,1581.6577624316144,4239.879017928138,0.0,0.0,0.0,0.0,0.0,1581.6577624316144,4239.879017928138,0.0,Europe,
0000000000000000009e,VT,Vatican City,-0.0,2259.750778796626,0.0,0.0,2259.750778796626,0.0,0.0,0.0,0.0,0.0,0.0,2259.750778796626,-131.22807450200997,0.0,0.0,-131.22807450200997,0.0,0.0,0.0,0.0,0.0,0.0,-131.22807450200997,Europe,
0000000000000000009f,HR,Croatia,-0.0,6208321.10900223,2572039.2625590675,1976179.633094518,1660102.2133486446,0.0,0.0,0.0,0.0,2572039.2625590675,1976179.633094518,1660102.2133486446,-273609.1256175289,-193774.5100618702,-65753.96353271605,-14080.652022942626,0.0,0.0,0.0,0.0,-193774.5100618702,-65753.96353271605,-14080.652022942626,Europe,
000000000000000000a0,AL,Albania,-3.764890013408449,4140156.119070679,1745476.8687388024,1221093.9822985237,1173585.2680333527,30.110755175936458,0.10200040083305509,0.0,30.0087547751034,1745476.7667384015,1221093.9822985237,1173555.2592785775,-295471.8959751993,-570190.0057009072,-116919.18811076676,391637.29783647467,8.090463482972016,2.580443858972513,0.0,5.5100196239995025,-570192.5861447662,-116919.18811076676,391631.78781685064,Europe,
000000000000000000a1,BK,Bosnia & Herzegovina,0.0,5297523.352782134,1315645.558821965,2870772.962660338,1111104.8312998312,0.0,0.0,0.0,0.0,1315645.558821965,2870772.962660338,1111104.8312998312,24780.840971844656,35186.3696039842,-44868.59349387561,34463.064861736064,0.0,0.0,0.0,0.0,35186.3696039842,-44868.59349387561,34463.064861736064,Europe,
000000000000000000a2,MJ,Montenegro,0.0,837740.4729957832,224525.5639636182,425921.2794454275,187293.6295867376,0.0,0.0,0.0,0.0,224525.5639636182,425921.2794454275,187293.6295867376,16375.90592010047,4416.238156713327,-12441.074964102534,24400.742727489676,1.9151721000671387,1.9151721000671387,0.0,0.0,4414.32298461326,-12441.074964102534,24400.742727489676,Europe,
000000000000000000a3,RI,Serbia,-13.688521687312033,1.1112150441165304E7,4239803.276105526,3485604.795283998,3386742.36977578,33.32112009357661,29.25021297764033,0.0,4.070907115936279,4239774.025892548,3485604.795283998,3386738.298868664,-1371530.6950258333,-839470.5661501449,-469255.4700472112,-62804.65882847723,56.29678053385578,40.85179466730915,0.0,15.44498586654663,-839511.4179448122,-469255.4700472112,-62820.103814343776,Europe,
000000000000000000a4,GR,Greece,-1689.2011056541098,1.3831232346378127E7,4344785.372154009,3211129.135978048,6275317.838246071,103.28109448897817,103.25485191988923,0.026242569088935852,0.0,4344682.117302089,3211129.109735479,6275317.838246071,-7301.205901655609,56772.16313333847,-33565.3625262952,-30508.006508698883,92.09496937754841,92.12121194663735,-0.026242569088935852,0.0,56680.041921391836,-33565.33628372611,-30508.006508698883,Europe,
000000000000000000a5,MK,Macedonia,0.0,2709314.0174797713,654235.8350911189,1023559.4488004923,1031518.73358816,0.0,0.0,0.0,0.0,654235.8350911189,1023559.4488004923,1031518.73358816,86232.20791557273,35982.298732295894,29084.630321767778,21165.278861509054,0.0,0.0,0.0,0.0,35982.298732295894,29084.630321767778,21165.278861509054,Europe,
000000000000000000a6,KV,Kosovo,0.0,2066429.0272604446,521583.4597739129,907436.3171725255,637409.2503140063,0.0,0.0,0.0,0.0,521583.4597739129,907436.3171725255,637409.2503140063,497226.663962818,118359.07423445664,229460.75666548716,149406.83306287415,0.0,0.0,0.0,0.0,118359.07423445664,229460.75666548716,149406.83306287415,Europe,
000000000000000000a7,BU,Bulgaria,-17.81099541717528,1.0844210816195928E7,4642549.138684397,3420541.9446219327,2781119.7328895973,4.126557138445331,4.126557138445331,0.0,0.0,4642545.012127258,3420541.9446219327,2781119.7328895973,-1152029.2107630312,-681633.9454081906,-501471.651624764,31076.38626992356,7.808032172631618,7.808032172631618,0.0,0.0,-681641.7534403632,-501471.651624764,31076.38626992356,Europe,
000000000000000000dd,PO,Portugal (Azores),0.0,299735.67857419816,146226.02102088078,153509.65755331735,0.0,0.0,0.0,0.0,0.0,146226.02102088078,153509.65755331735,0.0,4712.286932261715,-4664.069873656832,9376.356805918547,0.0,0.0,0.0,0.0,0.0,-4664.069873656832,9376.356805918547,0.0,Europe,
000000000000000000e3,PO,Portugal,0.0,1.275709908112604E7,4005063.409381872,4089661.826465676,4662373.845278492,0.0,0.0,0.0,0.0,4005063.409381872,4089661.826465676,4662373.845278492,75690.23962237511,-138194.32664580864,114251.50396884856,99633.06229933519,0.0,0.0,0.0,0.0,-138194.32664580864,114251.50396884856,99633.06229933519,Europe,
000000000000000000e5,GI,Gibraltar,0.0,26280.041227196703,73.46972380993412,4928.290104914646,21278.281398472125,0.0,0.0,0.0,0.0,73.46972380993412,4928.290104914646,21278.281398472125,3954.3577784568656,-9.360314189686493,835.8405514651654,3127.8775411813867,0.0,0.0,0.0,0.0,-9.360314189686493,835.8405514651654,3127.8775411813867,Europe,
000000000000000000e6,SP,Spain,0.0,5.056947588637943E7,1.0977873560781747E7,1.4631770586759033E7,2.495983173883865E7,0.0,0.0,0.0,0.0,1.0977873560781747E7,1.4631770586759033E7,2.495983173883865E7,6328280.243831077,1477130.390997216,1869544.7163631076,2981605.1364707532,0.0,0.0,0.0,0.0,1477130.390997216,1869544.7163631076,2981605.1364707532,Europe,
000000000000000000e7,FR,France,0.0,8.71303589154706E7,3.0076478959712904E7,2.2488992723025903E7,3.45648872327318E7,0.0,0.0,0.0,0.0,3.0076478959712904E7,2.2488992723025903E7,3.45648872327318E7,7219384.0459057065,4497003.069376083,1289679.0093125517,1432701.9672170717,0.0,0.0,0.0,0.0,4497003.069376083,1289679.0093125517,1432701.9672170717,Europe,
000000000000000000fd,SV,Svalbard,0.0,10044.622835103137,10044.622835103137,0.0,0.0,0.0,0.0,0.0,0.0,10044.622835103137,0.0,0.0,4025.0726994205907,4025.0726994205907,0.0,0.0,0.0,0.0,0.0,0.0,4025.0726994205907,0.0,0.0,Europe,
000000000000000000fe,SW,Sweden,0.0,1.6906356948028624E7,5608374.457531833,6645614.939507908,4652367.550988884,0.0,0.0,0.0,0.0,5608374.457531833,6645614.939507908,4652367.550988884,1660413.6605035856,174290.68634691375,479043.05159974936,1007079.9225569225,0.0,0.0,0.0,0.0,174290.68634691375,479043.05159974936,1007079.9225569225,Europe,
000000000000000000ff,DA,Denmark,0.0,9343092.648867782,3505295.6112709865,3309030.381125439,2528766.656471357,0.0,0.0,0.0,0.0,3505295.6112709865,3309030.381125439,2528766.656471357,582991.6931479501,72799.82253231396,137704.44348970344,372487.42712593265,0.0,0.0,0.0,0.0,72799.82253231396,137704.44348970344,372487.42712593265,Europe,
00000000000000000100,EN,Estonia,-0.0,2704894.5060725617,1081809.5864096326,729985.2442655974,893099.6753973318,0.0,0.0,0.0,0.0,1081809.5864096326,729985.2442655974,893099.6753973318,-168671.42470848537,-164969.39883318855,14944.14428468344,-18646.17015998026,0.0,0.0,0.0,0.0,-164969.39883318855,14944.14428468344,-18646.17015998026,Europe,
00000000000000000101,LG,Latvia,-0.0,4300220.801733366,1111558.8606863508,1557412.6982272593,1631249.2428197563,0.0,0.0,0.0,0.0,1111558.8606863508,1557412.6982272593,1631249.2428197563,-727548.4932420066,-132398.09589283742,-297979.4457454146,-297170.9516037546,0.0,0.0,0.0,0.0,-132398.09589283742,-297979.4457454146,-297170.9516037546,Europe,
00000000000000000102,LH,Lithuania,-0.0,6110478.919380557,1298979.690287642,2430294.183855422,2381205.0452374932,0.0,0.0,0.0,0.0,1298979.690287642,2430294.183855422,2381205.0452374932,-1073838.5421081313,-179229.31785916662,-459939.43143928295,-434669.7928096819,0.0,0.0,0.0,0.0,-179229.31785916662,-459939.43143928295,-434669.7928096819,Europe,
00000000000000000103,BO,Belarus,-0.0,1.6754085761214672E7,3247735.5185924233,5239235.069547163,8267115.1730750855,0.0,0.0,0.0,0.0,3247735.5185924233,5239235.069547163,8267115.1730750855,-772551.7258154621,-332676.65061178186,-1041601.7479569047,601726.6727532245,0.0,0.0,0.0,0.0,-332676.65061178186,-1041601.7479569047,601726.6727532245,Europe,
00000000000000000104,PL,Poland,0.0,6.2096914585693896E7,2.122938631279726E7,2.1872464871273782E7,1.8995063401622847E7,0.0,0.0,0.0,0.0,2.122938631279726E7,2.1872464871273782E7,1.8995063401622847E7,228859.50915456557,695461.9310996898,220099.19768719835,-686701.6196323226,0.0,0.0,0.0,0.0,695461.9310996898,220099.19768719835,-686701.6196323226,Europe,
00000000000000000105,GM,Germany,-0.0,1.2998173117726085E8,3.627638930461928E7,4.8692697018673085E7,4.5012644853968486E7,0.0,0.0,0.0,0.0,3.627638930461928E7,4.8692697018673085E7,4.5012644853968486E7,-2003528.8057573382,-688905.1475183628,-1651225.332215633,336601.67397665756,0.0,0.0,0.0,0.0,-688905.1475183628,-1651225.332215633,336601.67397665756,Europe,
00000000000000000106,EZ,Czechia,0.0,1.5918600003765643E7,5936207.858469475,6019834.718411346,3962557.4268848207,0.0,0.0,0.0,0.0,5936207.858469475,6019834.718411346,3962557.4268848207,438026.34930273663,343496.1915559191,32499.149020651137,62031.00872616637,0.0,0.0,0.0,0.0,343496.1915559191,32499.149020651137,62031.00872616637,Europe,
00000000000000000107,LO,Slovakia,0.0,8152317.821914584,3490834.8285923125,3440676.0105814207,1220806.9827408511,0.0,0.0,0.0,0.0,3490834.8285923125,3440676.0105814207,1220806.9827408511,60444.63764855848,215402.19340517512,-91614.62108972631,-63342.93466689033,0.0,0.0,0.0,0.0,215402.19340517512,-91614.62108972631,-63342.93466689033,Europe,
00000000000000000108,HU,Hungary,-0.0,1.5064422213155994E7,5674853.876974603,5584462.48225788,3805105.85392351,0.0,0.0,0.0,0.0,5674853.876974603,5584462.48225788,3805105.85392351,-532547.031580569,-319798.4646640053,-540340.6802312429,327592.11331467924,0.0,0.0,0.0,0.0,-319798.4646640053,-540340.6802312429,327592.11331467924,Europe,
00000000000000000109,SI,Slovenia,56.8049622233061,2895000.032587154,1415163.3650997889,1043735.5197653441,436101.1477220212,7.8960491716861725,7.8960491716861725,0.0,0.0,1415155.4690506172,1043735.5197653441,436101.1477220212,108107.85293121044,24322.66379104335,46386.71677142161,37398.47236874548,16.74961344897747,16.74961344897747,0.0,0.0,24305.91417759437,46386.71677142161,37398.47236874548,Europe,
0000000000000000010a,AU,Austria,0.0,1.1988712119716741E7,5144059.22450356,3254853.4095934816,3589799.4856197,0.0,0.0,0.0,0.0,5144059.22450356,3254853.4095934816,3589799.4856197,739524.1105726559,73523.42513984704,202283.1743689861,463717.5110638229,0.0,0.0,0.0,0.0,73523.42513984704,202283.1743689861,463717.5110638229,Europe,
0000000000000000010b,UU,Dragonja River Mouth,0.0,112.15517709877557,112.15517709877557,0.0,0.0,0.0,0.0,0.0,0.0,112.15517709877557,0.0,0.0,38.90260278129694,38.90260278129694,0.0,0.0,0.0,0.0,0.0,0.0,38.90260278129694,0.0,0.0,Europe,
0000000000000000010c,SZ,Switzerland,0.0,1.0452811418515284E7,2384261.3051564908,4641400.790736426,3427149.3226223676,0.0,0.0,0.0,0.0,2384261.3051564908,4641400.790736426,3427149.3226223676,1652555.459317898,336626.6868894281,824207.7323502045,491721.04007826524,0.0,0.0,0.0,0.0,336626.6868894281,824207.7323502045,491721.04007826524,Europe,
0000000000000000010d,LS,Liechtenstein,0.0,50122.903036861404,9583.503434011825,40539.39960284958,0.0,0.0,0.0,0.0,0.0,9583.503434011825,40539.39960284958,0.0,6085.53467433198,1751.505444961196,4334.0292293707835,0.0,0.0,0.0,0.0,0.0,1751.505444961196,4334.0292293707835,0.0,Europe,
0000000000000000010e,LU,Luxembourg,0.0,671370.0383944402,214382.49907662408,281412.83965291124,175574.69966490488,0.0,0.0,0.0,0.0,214382.49907662408,281412.83965291124,175574.69966490488,201013.14895778184,70171.1271073069,64303.82798558631,66538.19386488863,0.0,0.0,0.0,0.0,70171.1271073069,64303.82798558631,66538.19386488863,Europe,
0000000000000000010f,NL,Netherlands,0.0,2.5782393090020854E7,3978651.0318353483,9038933.113332886,1.276480894485262E7,0.0,0.0,0.0,0.0,3978651.0318353483,9038933.113332886,1.276480894485262E7,1673131.417637277,555310.2037869807,331011.72282270476,786809.4910275914,0.0,0.0,0.0,0.0,555310.2037869807,331011.72282270476,786809.4910275914,Europe,
00000000000000000110,BE,Belgium,0.0,1.6253123607281957E7,3114355.5753260655,7568682.692061679,5570085.339894211,0.0,0.0,0.0,0.0,3114355.5753260655,7568682.692061679,5570085.339894211,1626958.8952420205,504028.2684545062,479992.48044044373,642938.1463470706,0.0,0.0,0.0,0.0,504028.2684545062,479992.48044044373,642938.1463470706,Europe,
00000000000000000111,UK,United Kingdom,0.0,9.689720279163668E7,1.3991394918794882E7,2.572108443324496E7,5.718472343959683E7,0.0,0.0,0.0,0.0,1.3991394918794882E7,2.572108443324496E7,5.718472343959683E7,9522002.849597987,1373292.6497653415,1871537.281652477,6277172.91818017,0.0,0.0,0.0,0.0,1373292.6497653415,1871537.281652477,6277172.91818017,Europe,
00000000000000000112,JE,Jersey,0.0,117724.14109445746,14873.78341508652,46914.385431079085,55935.97224829186,0.0,0.0,0.0,0.0,14873.78341508652,46914.385431079085,55935.97224829186,17289.17753801398,2114.2901856276426,5110.919927779516,10063.96742460682,0.0,0.0,0.0,0.0,2114.2901856276426,5110.919927779516,10063.96742460682,Europe,
00000000000000000113,GK,Guernsey,0.0,86596.08669931238,11328.46767236388,75267.6190269485,0.0,0.0,0.0,0.0,0.0,11328.46767236388,75267.6190269485,0.0,1458.7604233465615,-344.7658880692,1803.5263114157615,0.0,0.0,0.0,0.0,0.0,-344.7658880692,1803.5263114157615,0.0,Europe,
00000000000000000114,EI,Ireland,0.0,6320084.654794048,2737861.3031370463,1454763.7064464018,2127459.6452105995,0.0,0.0,0.0,0.0,2737861.3031370463,1454763.7064464018,2127459.6452105995,1399203.0141355947,735503.6708213845,399335.299532632,264364.0437815782,0.0,0.0,0.0,0.0,735503.6708213845,399335.299532632,264364.0437815782,Europe,
00000000000000000115,IM,Isle of Man,0.0,127307.25512257672,40005.52306619127,87301.73205638546,0.0,0.0,0.0,0.0,0.0,40005.52306619127,87301.73205638546,0.0,18110.945631426686,4672.249206419659,13438.696425007027,0.0,0.0,0.0,0.0,0.0,4672.249206419659,13438.696425007027,0.0,Europe,
00000000000000000116,FO,Faroe Is,0.0,96580.75118772319,67788.24427151046,28792.506916212737,0.0,0.0,0.0,0.0,0.0,67788.24427151046,28792.506916212737,0.0,3807.8658782210778,2369.2903830621676,1438.57549515891,0.0,0.0,0.0,0.0,0.0,2369.2903830621676,1438.57549515891,0.0,Europe,
00000000000000000117,IC,Iceland,0.0,580455.4207464268,155952.31051866792,95917.40394186259,328585.70628589636,0.0,0.0,0.0,0.0,155952.31051866792,95917.40394186259,328585.70628589636,107448.01683430353,21742.72802570003,30884.439090660515,54820.849717943,0.0,0.0,0.0,0.0,21742.72802570003,30884.439090660515,54820.849717943,Europe,
00000000000000000120,JN,Jan Mayen,0.0,35.77055325067748,35.77055325067748,0.0,0.0,0.0,0.0,0.0,0.0,35.77055325067748,0.0,0.0,14.54377934936145,14.54377934936145,0.0,0.0,0.0,0.0,0.0,0.0,14.54377934936145,0.0,0.0,Europe,
0000000000000000000f,RS,Russia,-0.0,4.989471578350214E7,1.0535845141988887E7,1.812679216467464E7,2.123207847683861E7,0.0,0.0,0.0,0.0,1.0535845141988887E7,1.812679216467464E7,2.123207847683861E7,-3140511.228522322,-446587.8940814256,-1216231.6981167763,-1477691.6363241205,0.0,0.0,0.0,0.0,-446587.8940814256,-1216231.6981167763,-1477691.6363241205,N Asia,
00000000000000000010,RS,Russia,0.0,5816915.646141134,1441523.1150612137,2185551.9212096157,2189840.609870305,0.0,0.0,0.0,0.0,1441523.1150612137,2185551.9212096157,2189840.609870305,250190.2463046704,187425.94073710826,-11954.311575047926,74718.61714261008,0.0,0.0,0.0,0.0,187425.94073710826,-11954.311575047926,74718.61714261008,N Asia,
00000000000000000047,MG,Mongolia,0.0,3567246.410146264,1693658.043220039,703654.7733871185,1169933.5935391064,0.0,0.0,0.0,0.0,1693658.043220039,703654.7733871185,1169933.5935391064,840452.7729033518,-367847.8900827218,207305.02693321335,1000995.6360528602,0.0,0.0,0.0,0.0,-367847.8900827218,207305.02693321335,1000995.6360528602,N Asia,
00000000000000000122,RS,Russia,-0.0,2303775.359846984,1145268.915449634,530496.9210209607,628009.5233763894,0.0,0.0,0.0,0.0,1145268.915449634,530496.9210209607,628009.5233763894,-96362.29888127674,-100674.29160636473,32735.936077652226,-28423.943352564238,0.0,0.0,0.0,0.0,-100674.29160636473,32735.936077652226,-28423.943352564238,N Asia,
00000000000000000128,RS,Russia,-0.0,8130046.269101637,1945655.6909191746,2942944.457383401,3241446.120799062,0.0,0.0,0.0,0.0,1945655.6909191746,2942944.457383401,3241446.120799062,-973511.6417454102,-169424.28370192813,-353735.6227073878,-450351.73533609434,0.0,0.0,0.0,0.0,-169424.28370192813,-353735.6227073878,-450351.73533609434,N Asia,
00000000000000000025,MV,Maldives,-0.0,26648.93984841045,16345.577226652418,10303.362621758031,0.0,0.0,0.0,0.0,0.0,16345.577226652418,10303.362621758031,0.0,-748.6160704515219,-867.2210165767767,118.60494612525486,0.0,0.0,0.0,0.0,0.0,-867.2210165767767,118.60494612525486,0.0,S Asia,
00000000000000000049,BT,Bhutan,0.0,710122.5752770804,449297.9456753389,93050.81055904942,167773.81904269205,0.0,0.0,0.0,0.0,449297.9456753389,93050.81055904942,167773.81904269205,235331.64778909605,137747.60402933357,73863.28054327118,23720.763216491312,0.0,0.0,0.0,0.0,137747.60402933357,73863.28054327118,23720.763216491312,S Asia,
0000000000000000004a,UU,Aksai Chin,-0.0,2997.223458574802,2997.223458574802,0.0,0.0,0.0,0.0,0.0,0.0,2997.223458574802,0.0,0.0,-660.3801610032733,-660.3801610032733,0.0,0.0,0.0,0.0,0.0,0.0,-660.3801610032733,0.0,0.0,S Asia,
0000000000000000004f,AF,Afghanistan,0.0,2.3886135156838004E7,6731845.311721516,8432207.3360481,8722082.509068387,0.0,0.0,0.0,0.0,6731845.311721516,8432207.3360481,8722082.509068387,1.5435780178359559E7,2006969.903715877,6533551.968283042,6895258.30636064,0.0,0.0,0.0,0.0,2006969.903715877,6533551.968283042,6895258.30636064,S Asia,
00000000000000000050,PK,Pakistan,0.0,1.6080607846619773E8,1.729080537272442E7,4.714015714646402E7,9.63751159470093E7,0.0,0.0,0.0,0.0,1.729080537272442E7,4.714015714646402E7,9.63751159470093E7,5.9077305920420304E7,6198142.533585861,2.246774271945933E7,3.041142066737511E7,0.0,0.0,0.0,0.0,6198142.533585861,2.246774271945933E7,3.041142066737511E7,S Asia,
00000000000000000051,UU,Siachen-Saltoro Area,0.0,3.9435633420944214,3.9435633420944214,0.0,0.0,0.0,0.0,0.0,0.0,3.9435633420944214,0.0,0.0,31.513359278440475,31.513359278440475,0.0,0.0,0.0,0.0,0.0,0.0,31.513359278440475,0.0,0.0,S Asia,
00000000000000000052,UU,Demchok Area,0.0,43.501398444248736,43.501398444248736,0.0,0.0,0.0,0.0,0.0,0.0,43.501398444248736,0.0,0.0,14.774068316798173,14.774068316798173,0.0,0.0,0.0,0.0,0.0,0.0,14.774068316798173,0.0,0.0,S Asia,
00000000000000000053,UU,IN-CH Small Disputed Areas,0.0,792.9797276045714,792.9797276045714,0.0,0.0,0.0,0.0,0.0,0.0,792.9797276045714,0.0,0.0,358.1776226701059,358.1776226701059,0.0,0.0,0.0,0.0,0.0,0.0,358.1776226701059,0.0,0.0,S Asia,
00000000000000000054,NP,Nepal,166.7692159604534,2.6970006370683055E7,1.3068239908611365E7,1.0996088016866174E7,2905678.445205518,2850.7061127074885,502.48290165409486,2335.0081456378102,13.215065415583405,1.3067737425709711E7,1.0993753008720536E7,2905665.2301401026,5381061.32015796,-3609784.530635935,4099743.7440104275,4891102.106783466,94853.90743712857,48.14650266306477,59188.60036934167,35617.160565123835,-3609832.6771385977,4040555.143641086,4855484.9462183425,S Asia,
00000000000000000055,UU,Kalapani Area,-0.0,62.71997849972666,62.71997849972666,0.0,0.0,0.0,0.0,0.0,0.0,62.71997849972666,0.0,0.0,-62.3914537974104,-62.3914537974104,0.0,0.0,0.0,0.0,0.0,0.0,-62.3914537974104,0.0,0.0,S Asia,
00000000000000000056,UU,Dramana-Shakatoe Area,-0.0,384.23303550222454,384.23303550222454,0.0,0.0,0.0,0.0,0.0,0.0,384.23303550222454,0.0,0.0,-337.8441536720219,-337.8441536720219,0.0,0.0,0.0,0.0,0.0,0.0,-337.8441536720219,0.0,0.0,S Asia,
00000000000000000057,CE,Sri Lanka,0.0,1.8768429298146103E7,5277351.460519457,7274545.40794073,6216532.429685915,0.0,0.0,0.0,0.0,5277351.460519457,7274545.40794073,6216532.429685915,1891263.3871248988,-915380.6854196191,1807578.1815930568,999065.8909514614,0.0,0.0,0.0,0.0,-915380.6854196191,1807578.1815930568,999065.8909514614,S Asia,
000000000000000000d3,IN,India,8.57783747371862,1.1431178534935586E9,1.1502773940142474E8,2.94351799618013E8,7.337383144741209E8,3660252.4913305594,320152.2274957814,1397021.988818822,1943078.2750159558,1.1470758717392896E8,2.929547776291942E8,7.317952361991049E8,2.813897220632719E8,3.1576129657968063E7,9.297524944457087E7,1.5683834296073294E8,7728693.435087808,542179.0375489809,2315392.0249477,4871122.372591128,3.103395062041908E7,9.065985741962317E7,1.519672205881418E8,S Asia,
000000000000000000d4,BG,Bangladesh,5.693859812380217,1.4307652885585722E8,7994400.769776132,3.559411827041756E7,9.948800981566352E7,898117.5779361041,94691.9810382685,410459.190311421,392966.4065864146,7899708.788737863,3.518365908010614E7,9.909504340907711E7,3.188014067974432E7,1177882.745213145,8906480.933614504,2.1795777000916675E7,1139440.8902504088,50613.3338208843,545434.3589041383,543393.1975253861,1127269.4113922606,8361046.574710365,2.125238380339129E7,S Asia,
0000000000000000002f,PC,Pitcairn Is,0.0,0.0,0.0,0.0,0.0,0.0,0.0,0.0,0.0,0.0,0.0,0.0,0.0,0.0,0.0,0.0,0.0,0.0,0.0,0.0,0.0,0.0,0.0,Oceania,
0000000000000000003c,PS,Palau,0.0,18331.92705773404,9048.78324123676,9283.143816497279,0.0,0.0,0.0,0.0,0.0,9048.78324123676,9283.143816497279,0.0,1254.359454190711,3359.1614973622013,-2104.8020431714904,0.0,0.0,0.0,0.0,0.0,3359.1614973622013,-2104.8020431714904,0.0,Oceania,
00000000000000000058,NR,Nauru,-0.0,8035.958336576761,2980.7717300506206,5055.186606526141,0.0,0.0,0.0,0.0,0.0,2980.7717300506206,5055.186606526141,0.0,-968.6093585004684,-42.40912885323874,-926.2002296472297,0.0,0.0,0.0,0.0,0.0,-42.40912885323874,-926.2002296472297,0.0,Oceania,
00000000000000000059,TV,Tuvalu,-0.0,451.6678864545682,451.6678864545682,0.0,0.0,0.0,0.0,0.0,0.0,451.6678864545682,0.0,0.0,-68.28024569504036,-68.28024569504036,0.0,0.0,0.0,0.0,0.0,0.0,-68.28024569504036,0.0,0.0,Oceania,
0000000000000000005a,TL,Tokelau,-0.0,115.05719185754953,115.05719185754953,0.0,0.0,0.0,0.0,0.0,0.0,115.05719185754953,0.0,0.0,-22.366814350004436,-22.366814350004436,0.0,0.0,0.0,0.0,0.0,0.0,-22.366814350004436,0.0,0.0,Oceania,
0000000000000000005b,UM,US Minor Pacific Is. Refuges,0.0,0.0,0.0,0.0,0.0,0.0,0.0,0.0,0.0,0.0,0.0,0.0,0.0,0.0,0.0,0.0,0.0,0.0,0.0,0.0,0.0,0.0,0.0,Oceania,
0000000000000000005c,CW,Cook Is,0.0,15264.33974227307,15264.33974227307,0.0,0.0,0.0,0.0,0.0,0.0,15264.33974227307,0.0,0.0,3823.04745867249,3823.04745867249,0.0,0.0,0.0,0.0,0.0,0.0,3823.04745867249,0.0,0.0,Oceania,
0000000000000000005d,AQ,American Samoa,-0.0,34340.4491229631,12304.554752234892,22035.89437072821,0.0,0.0,0.0,0.0,0.0,12304.554752234892,22035.89437072821,0.0,-1179.6746316312888,-868.8683850999678,-310.806246531321,0.0,0.0,0.0,0.0,0.0,-868.8683850999678,-310.806246531321,0.0,Oceania,
0000000000000000005e,TN,Tonga,0.0,96373.8701042804,28295.051517734693,68078.8185865457,0.0,0.0,0.0,0.0,0.0,28295.051517734693,68078.8185865457,0.0,9830.365764173222,-2980.604955302558,12810.970719475781,0.0,0.0,0.0,0.0,0.0,-2980.604955302558,12810.970719475781,0.0,Oceania,
0000000000000000005f,NE,Niue,-0.0,1978.4077276083603,1978.4077276083603,0.0,0.0,0.0,0.0,0.0,0.0,1978.4077276083603,0.0,0.0,-298.783591709101,-298.783591709101,0.0,0.0,0.0,0.0,0.0,0.0,-298.783591709101,0.0,0.0,Oceania,
00000000000000000060,WS,Samoa,0.0,128612.66340914057,62408.60954617095,29562.803185470326,36641.250677499294,0.0,0.0,0.0,0.0,62408.60954617095,29562.803185470326,36641.250677499294,18863.89620955457,4580.094442603514,9028.536688826409,5255.265078124645,0.0,0.0,0.0,0.0,4580.094442603514,9028.536688826409,5255.265078124645,Oceania,
00000000000000000061,WF,Wallis & Futuna,-0.0,14080.871426376862,14080.871426376862,0.0,0.0,0.0,0.0,0.0,0.0,14080.871426376862,0.0,0.0,-1302.0918001094553,-1302.0918001094553,0.0,0.0,0.0,0.0,0.0,0.0,-1302.0918001094553,0.0,0.0,Oceania,
00000000000000000062,FP,French Polynesia,0.0,212999.71254265244,107046.65844790546,105953.054094747,0.0,0.0,0.0,0.0,0.0,107046.65844790546,105953.054094747,0.0,37145.998730042746,24223.624458761253,12922.374271281495,0.0,0.0,0.0,0.0,0.0,24223.624458761253,12922.374271281495,0.0,Oceania,
00000000000000000063,US,United States (Hawaii),0.0,1289851.4963103188,212366.25028788907,516619.7901249315,560865.4558974984,0.0,0.0,0.0,0.0,212366.25028788907,516619.7901249315,560865.4558974984,224746.44245619368,60012.763938631484,98416.81178035086,66316.86673721133,0.0,0.0,0.0,0.0,60012.763938631484,98416.81178035086,66316.86673721133,Oceania,
0000000000000000012a,CQ,Northern Mariana Is,-0.0,68080.328962481,13815.813655808466,54264.51530667253,0.0,0.0,0.0,0.0,0.0,13815.813655808466,54264.51530667253,0.0,-13547.271012930338,-1751.5026525826256,-11795.768360347713,0.0,0.0,0.0,0.0,0.0,-1751.5026525826256,-11795.768360347713,0.0,Oceania,
0000000000000000012b,RM,Marshall Is,-0.0,2469.94928593503,2469.94928593503,0.0,0.0,0.0,0.0,0.0,0.0,2469.94928593503,0.0,0.0,-1212.0501694141378,-1212.0501694141378,0.0,0.0,0.0,0.0,0.0,0.0,-1212.0501694141378,0.0,0.0,Oceania,
0000000000000000012c,WQ,Wake I,0.0,0.0,0.0,0.0,0.0,0.0,0.0,0.0,0.0,0.0,0.0,0.0,0.0,0.0,0.0,0.0,0.0,0.0,0.0,0.0,0.0,0.0,0.0,Oceania,
0000000000000000012d,KR,Kiribati,0.0,26097.790848248904,13028.016558104691,13069.774290144213,0.0,0.0,0.0,0.0,0.0,13028.016558104691,13069.774290144213,0.0,11765.05172209575,460.68417631438945,11304.36754578136,0.0,0.0,0.0,0.0,0.0,460.68417631438945,11304.36754578136,0.0,Oceania,
0000000000000000012e,FM,Fed States of Micronesia,-0.0,63092.45702783854,45589.285705990216,17503.171321848327,0.0,0.0,0.0,0.0,0.0,45589.285705990216,17503.171321848327,0.0,-409.0296621340367,-1500.020505743224,1090.9908436091873,0.0,0.0,0.0,0.0,0.0,-1500.020505743224,1090.9908436091873,0.0,Oceania,
0000000000000000012f,GQ,Guam,0.0,158302.97153095595,34265.56661125778,124037.40491969817,0.0,0.0,0.0,0.0,0.0,34265.56661125778,124037.40491969817,0.0,14823.354603729314,-892.0230604847685,15715.377664214084,0.0,0.0,0.0,0.0,0.0,-892.0230604847685,15715.377664214084,0.0,Oceania,
00000000000000000130,PP,Papua New Guinea,0.0,5220837.1172551215,1531131.370094276,2469303.868655156,1220401.87850569,0.0,0.0,0.0,0.0,1531131.370094276,2469303.868655156,1220401.87850569,2195160.075849577,398192.53250822227,1237629.043962337,559338.4993790175,0.0,0.0,0.0,0.0,398192.53250822227,1237629.043962337,559338.4993790175,Oceania,
00000000000000000131,BP,Solomon Is,0.0,338731.3415891001,278009.17956948164,14504.631156865478,46217.530862752945,0.0,0.0,0.0,0.0,278009.17956948164,14504.631156865478,46217.530862752945,146063.01989710337,112669.31050322411,8885.329451913163,24508.379941966108,0.0,0.0,0.0,0.0,112669.31050322411,8885.329451913163,24508.379941966108,Oceania,
00000000000000000133,NC,New Caledonia,0.0,206498.48936865694,90835.84255524765,41256.42896610286,74406.21784730641,0.0,0.0,0.0,0.0,90835.84255524765,41256.42896610286,74406.21784730641,52654.172502971196,-113.75141242266545,28831.510676164427,23936.413239229434,0.0,0.0,0.0,0.0,-113.75141242266545,28831.510676164427,23936.413239229434,Oceania,
00000000000000000134,NF,Norfolk I,-0.0,2440.69743941064,2440.69743941064,0.0,0.0,0.0,0.0,0.0,0.0,2440.69743941064,0.0,0.0,-581.0841418415893,-581.0841418415893,0.0,0.0,0.0,0.0,0.0,0.0,-581.0841418415893,0.0,0.0,Oceania,
00000000000000000135,NZ,New Zealand,0.0,4923675.310878159,1332231.3405945115,1663956.3942479764,1927487.5760356707,0.0,0.0,0.0,0.0,1332231.3405945115,1663956.3942479764,1927487.5760356707,843340.0983657727,208219.8226776843,253478.448562521,381641.82712556754,0.0,0.0,0.0,0.0,208219.8226776843,253478.448562521,381641.82712556754,Oceania,
00000000000000000136,FJ,Fiji,0.0,778957.8892149907,392234.09972150455,209325.06508082492,177398.72441266116,0.0,0.0,0.0,0.0,392234.09972150455,209325.06508082492,177398.72441266116,91608.34491952552,33573.0570033221,21980.272610245727,36055.01530595769,0.0,0.0,0.0,0.0,33573.0570033221,21980.272610245727,36055.01530595769,Oceania,
00000000000000000137,NH,Vanuatu,0.0,154426.23237962232,115264.18137089387,39162.05100872845,0.0,0.0,0.0,0.0,0.0,115264.18137089387,39162.05100872845,0.0,65739.53210381482,37762.5971759863,27976.93492782852,0.0,0.0,0.0,0.0,0.0,37762.5971759863,27976.93492782852,0.0,Oceania,
00000000000000000027,ID,Indonesia,0.0,2.085861161139896E8,1.8016883397065707E7,4.995481936364494E7,1.4061441335327893E8,0.0,0.0,0.0,0.0,1.8016883397065707E7,4.995481936364494E7,1.4061441335327893E8,4.5293117815336965E7,7232596.4170475835,1.2393890743999202E7,2.566663065429018E7,0.0,0.0,0.0,0.0,7232596.4170475835,1.2393890743999202E7,2.566663065429018E7,SE Asia,
00000000000000000038,PF,Paracel Is,0.0,17.9723411121497,17.9723411121497,0.0,0.0,0.0,0.0,0.0,0.0,17.9723411121497,0.0,0.0,1.3564037596624274,1.3564037596624274,0.0,0.0,0.0,0.0,0.0,0.0,1.3564037596624274,0.0,0.0,SE Asia,
00000000000000000039,SN,Singapore,0.0,3868642.580295425,1471.139821010652,5497.761768731388,3861673.678705683,0.0,0.0,0.0,0.0,1471.139821010652,5497.761768731388,3861673.678705683,1652575.1110835627,1126.1075942918355,2682.867900095252,1648766.1355891756,0.0,0.0,0.0,0.0,1126.1075942918355,2682.867900095252,1648766.1355891756,SE Asia,
0000000000000000003a,BX,Brunei,0.0,335682.10507144243,66610.30910999046,162027.61300928638,107044.1829521656,0.0,0.0,0.0,0.0,66610.30910999046,162027.61300928638,107044.1829521656,95092.30364497943,18483.05231543427,43851.12583794095,32758.12549160421,0.0,0.0,0.0,0.0,18483.05231543427,43851.12583794095,32758.12549160421,SE Asia,
0000000000000000003b,RP,Philippines,0.0,7.589376696177697E7,1.8137843157064077E7,2.604392001582649E7,3.1712003788886398E7,0.0,0.0,0.0,0.0,1.8137843157064077E7,2.604392001582649E7,3.1712003788886398E7,2.297003856773124E7,2728566.3672319497,9392937.152741928,1.0848535047757361E7,0.0,0.0,0.0,0.0,2728566.3672319497,9392937.152741928,1.0848535047757361E7,SE Asia,
0000000000000000003d,PG,Spratly Is,0.0,0.0,0.0,0.0,0.0,0.0,0.0,0.0,0.0,0.0,0.0,0.0,0.0,0.0,0.0,0.0,0.0,0.0,0.0,0.0,0.0,0.0,0.0,SE Asia,
000000000000000000cc,TT,Timor-Leste,0.0,853070.2611439341,562644.0787310754,174299.85468902913,116126.32772382954,0.0,0.0,0.0,0.0,562644.0787310754,174299.85468902913,116126.32772382954,339727.8752648306,37287.48997624103,172053.63052713635,130386.75476145322,0.0,0.0,0.0,0.0,37287.48997624103,172053.63052713635,130386.75476145322,SE Asia,
000000000000000000cd,AT,Ashmore & Cartier Is,0.0,0.0,0.0,0.0,0.0,0.0,0.0,0.0,0.0,0.0,0.0,0.0,0.0,0.0,0.0,0.0,0.0,0.0,0.0,0.0,0.0,0.0,0.0,SE Asia,
000000000000000000d0,MY,Malaysia,0.0,2.2976833041908424E7,4262099.94698218,6967724.97146421,1.1747008123462036E7,0.0,0.0,0.0,0.0,4262099.94698218,6967724.97146421,1.1747008123462036E7,6760128.765610214,1089484.5276585857,1414554.4630823846,4256089.774869245,0.0,0.0,0.0,0.0,1089484.5276585857,1414554.4630823846,4256089.774869245,SE Asia,
000000000000000000d1,TH,Thailand,0.0,6.46092171725475E7,2.2571564820084035E7,2.5439710488676168E7,1.6597941863787295E7,0.0,0.0,0.0,0.0,2.2571564820084035E7,2.5439710488676168E7,1.6597941863787295E7,5290332.807482157,-1160374.6901932848,19233.565560295574,6431473.932115146,0.0,0.0,0.0,0.0,-1160374.6901932848,19233.565560295574,6431473.932115146,SE Asia,
000000000000000000d2,BM,Burma,0.0,5.0060365236046046E7,8981697.801479438,2.2932768814253062E7,1.8145898620313548E7,0.0,0.0,0.0,0.0,8981697.801479438,2.2932768814253062E7,1.8145898620313548E7,6223698.4665365685,1301610.5028012735,1717022.994757558,3205064.968977737,0.0,0.0,0.0,0.0,1301610.5028012735,1717022.994757558,3205064.968977737,SE Asia,
000000000000000000d6,LA,Laos,0.0,5467531.467157054,1553177.9314061988,3043094.745259674,871258.7904911815,0.0,0.0,0.0,0.0,1553177.9314061988,3043094.745259674,871258.7904911815,1494308.4955911404,323238.98773031204,991890.8338788778,179178.67398195056,0.0,0.0,0.0,0.0,323238.98773031204,991890.8338788778,179178.67398195056,SE Asia,
000000000000000000d7,CB,Cambodia,0.0,1.2428878367519908E7,5050183.433275439,5541040.773445774,1837654.1607986938,0.0,0.0,0.0,0.0,5050183.433275439,5541040.773445774,1837654.1607986938,3464514.2315533324,-177066.8954300448,2680326.5942214984,961254.5327618789,0.0,0.0,0.0,0.0,-177066.8954300448,2680326.5942214984,961254.5327618789,SE Asia,
000000000000000000d8,VM,Vietnam,0.0,8.289263271105407E7,7421651.779177413,3.289582241909863E7,4.257515851277803E7,0.0,0.0,0.0,0.0,7421651.779177413,3.289582241909863E7,4.257515851277803E7,1.3354321948949933E7,1565150.9285317166,2521790.7863149457,9267380.234103272,0.0,0.0,0.0,0.0,1565150.9285317166,2521790.7863149457,9267380.234103272,SE Asia,
00000000000000000001,MU,Oman,0.0,2267253.099856543,422907.36647724634,1030689.4557962304,813656.2775830664,0.0,0.0,0.0,0.0,422907.36647724634,1030689.4557962304,813656.2775830664,2286339.59408125,451665.1646381421,1034517.6225273509,800156.8069157569,0.0,0.0,0.0,0.0,451665.1646381421,1034517.6225273509,800156.8069157569,SW Asia,
00000000000000000002,AE,United Arab Emirates,0.0,3269638.638888854,89617.1025231662,224272.73326448374,2955748.803101204,0.0,0.0,0.0,0.0,89617.1025231662,224272.73326448374,2955748.803101204,6592516.626641785,214343.07346089333,502276.180313674,5875897.372867217,0.0,0.0,0.0,0.0,214343.07346089333,502276.180313674,5875897.372867217,SW Asia,
00000000000000000003,QA,Qatar,0.0,650104.2895354811,63504.50379432821,35321.61794957294,551278.16779158,0.0,0.0,0.0,0.0,63504.50379432821,35321.61794957294,551278.16779158,1800723.5495373877,49172.6315456183,270128.16899996327,1481422.748991806,0.0,0.0,0.0,0.0,49172.6315456183,270128.16899996327,1481422.748991806,SW Asia,
00000000000000000004,BA,Bahrain,0.0,1463054.4673872069,12703.914534226062,25634.907748969716,1424715.645104011,0.0,0.0,0.0,0.0,12703.914534226062,25634.907748969716,1424715.645104011,1556070.8262390175,17248.19229000495,35550.85263512426,1503271.7813138883,0.0,0.0,0.0,0.0,17248.19229000495,35550.85263512426,1503271.7813138883,SW Asia,
00000000000000000005,IR,Iran,0.0,7.971768616644862E7,1.1300477081418555E7,2.1528350497228626E7,4.688885858780144E7,0.0,0.0,0.0,0.0,1.1300477081418555E7,2.1528350497228626E7,4.688885858780144E7,1.5991380507926002E7,3019100.471442219,1047652.0877792889,1.1924627948704494E7,0.0,0.0,0.0,0.0,3019100.471442219,1047652.0877792889,1.1924627948704494E7,SW Asia,
00000000000000000007,KU,Kuwait,0.0,2189560.9533823626,46261.29547072565,153794.21688342,1989505.4410282166,0.0,0.0,0.0,0.0,46261.29547072565,153794.21688342,1989505.4410282166,2233597.316333439,73078.04368917958,182912.40002066572,1977606.8726235938,0.0,0.0,0.0,0.0,73078.04368917958,182912.40002066572,1977606.8726235938,SW Asia,
00000000000000000008,AJ,Azerbaijan,0.0,1.060378963941349E7,2179786.8140639146,4298187.281496904,4125815.543852674,0.0,0.0,0.0,0.0,2179786.8140639146,4298187.281496904,4125815.543852674,2127761.81907318,575718.215975441,658254.3817171095,893789.2213806296,0.0,0.0,0.0,0.0,575718.215975441,658254.3817171095,893789.2213806296,SW Asia,
00000000000000000009,AM,Armenia,-0.0,4041208.0031441855,765381.3679776243,1611299.2715655724,1664527.3636009886,0.0,0.0,0.0,0.0,765381.3679776243,1611299.2715655724,1664527.3636009886,-76672.36272420072,-7698.782189635056,-65453.93616994358,-3519.6443646220832,0.0,0.0,0.0,0.0,-7698.782189635056,-65453.93616994358,-3519.6443646220832,SW Asia,
0000000000000000000b,GG,Georgia,-0.0,6288325.466035286,1968036.2789740753,2127992.0966535956,2192297.0904076155,0.0,0.0,0.0,0.0,1968036.2789740753,2127992.0966535956,2192297.0904076155,-990322.1506327076,-251715.2668022673,-374661.08768632915,-363945.7961441112,0.0,0.0,0.0,0.0,-251715.2668022673,-374661.08768632915,-363945.7961441112,SW Asia,
000000000000000000ab,UU,Sinafir & Tiran Is.,0.0,0.0,0.0,0.0,0.0,0.0,0.0,0.0,0.0,0.0,0.0,0.0,0.0,0.0,0.0,0.0,0.0,0.0,0.0,0.0,0.0,0.0,0.0,SW Asia,
000000000000000000ac,TU,Turkey,10.464642126516082,8.077174876412582E7,1.8389034983485904E7,2.038830420984894E7,4.199440957079098E7,10919.522001043233,5251.765536405176,5392.450543981067,275.3059206569896,1.83837832179495E7,2.038291175930496E7,4.1994134264870316E7,1.994502605234343E7,284993.87680090516,3020081.7339430936,1.6639950441599432E7,28216.499228613797,2648.3581277483418,17839.85321510793,7728.2878857575215,282345.5186731568,3002241.8807279854,1.6632222153713675E7,SW Asia,
000000000000000000ad,CY,Cyprus,0.0,1131260.0989381114,310026.1680561541,303136.85246279417,518097.0784191632,0.0,0.0,0.0,0.0,310026.1680561541,303136.85246279417,518097.0784191632,267415.7081398461,84709.70197661118,109629.23243269138,73076.77373054357,0.0,0.0,0.0,0.0,84709.70197661118,109629.23243269138,73076.77373054357,SW Asia,
000000000000000000ae,DX,Dhekelia,0.0,7501.58345411609,7139.856041086356,361.727413029735,0.0,0.0,0.0,0.0,0.0,7139.856041086356,361.727413029735,0.0,389.43738636548744,160.14115766744533,229.29622869804209,0.0,0.0,0.0,0.0,0.0,160.14115766744533,229.29622869804209,0.0,SW Asia,
000000000000000000af,AX,Akrotiri,0.0,7676.340909850077,3027.5745515180397,4088.880883408652,559.8854749233847,0.0,0.0,0.0,0.0,3027.5745515180397,4088.880883408652,559.8854749233847,3138.25743695852,981.5895342489839,1408.6629159465285,748.0049867630078,0.0,0.0,0.0,0.0,981.5895342489839,1408.6629159465285,748.0049867630078,SW Asia,
000000000000000000b0,GZ,Gaza Strip,0.0,1279316.153362358,5874.265961560042,35802.23328376566,1237639.6541170324,0.0,0.0,0.0,0.0,5874.265961560042,35802.23328376566,1237639.6541170324,716145.2632961049,4057.0487807164236,26065.489597763746,686022.7249176247,0.0,0.0,0.0,0.0,4057.0487807164236,26065.489597763746,686022.7249176247,SW Asia,
000000000000000000b1,IS,Israel,0.0,6990478.4290325465,432075.5942511049,1813372.5371374863,4745030.297643956,0.0,0.0,0.0,0.0,432075.5942511049,1813372.5371374863,4745030.297643956,2374860.2198348446,230637.37251030336,721256.254231501,1422966.5930930402,0.0,0.0,0.0,0.0,230637.37251030336,721256.254231501,1422966.5930930402,SW Asia,
000000000000000000b2,JO,Jordan,0.0,5626501.248729669,435862.62492612214,1315926.2164325765,3874712.40737097,0.0,0.0,0.0,0.0,435862.62492612214,1315926.2164325765,3874712.40737097,3329080.2337366645,331758.657542448,819571.0779639918,2177750.498230225,0.0,0.0,0.0,0.0,331758.657542448,819571.0779639918,2177750.498230225,SW Asia,
000000000000000000b3,SA,Saudi Arabia,0.0,2.316009951005778E7,1970382.5331225344,4848348.876111769,1.6341368100823477E7,0.0,0.0,0.0,0.0,1970382.5331225344,4848348.876111769,1.6341368100823477E7,1.1037780942476185E7,1125918.2305046788,2507200.3045824226,7404662.407389084,0.0,0.0,0.0,0.0,1125918.2305046788,2507200.3045824226,7404662.407389084,SW Asia,
000000000000000000b4,WE,West Bank,0.0,2491145.294170031,214668.57863922836,953426.0927657492,1323050.622765053,0.0,0.0,0.0,0.0,214668.57863922836,953426.0927657492,1323050.622765053,974951.1414322826,119333.36724575529,433403.6243048444,422214.1498816829,0.0,0.0,0.0,0.0,119333.36724575529,433403.6243048444,422214.1498816829,SW Asia,
000000000000000000b5,NM,No Man's Land,0.0,52611.85548835841,800.5461053772008,7482.6248933434235,44328.68448963778,0.0,0.0,0.0,0.0,800.5461053772008,7482.6248933434235,44328.68448963778,16093.293284915157,563.9185638357902,5231.991949425958,10297.382771653407,0.0,0.0,0.0,0.0,563.9185638357902,5231.991949425958,10297.382771653407,SW Asia,
000000000000000000b6,WE,West Bank,0.0,505.2063211478439,0.0,0.0,505.2063211478439,0.0,0.0,0.0,0.0,0.0,0.0,505.2063211478439,36.863750156701784,0.0,0.0,36.863750156701784,0.0,0.0,0.0,0.0,0.0,0.0,36.863750156701784,SW Asia,
000000000000000000b7,IZ,Iraq,0.0,2.832741195063402E7,2151162.53426316,6101296.629001768,2.0074952787369095E7,0.0,0.0,0.0,0.0,2151162.53426316,6101296.629001768,2.0074952787369095E7,1.5453848092995333E7,1953217.1027746426,4463740.470153775,9036890.520066915,0.0,0.0,0.0,0.0,1953217.1027746426,4463740.470153775,9036890.520066915,SW Asia,
000000000000000000b8,SY,Syria,57.83955383992011,2.0009187386727594E7,4117665.366656313,6992674.227807582,8898847.792263698,67.71523005189374,67.28459674539044,0.4306333065032959,0.0,4117598.082059568,6992673.797174276,8898847.792263698,2633972.1205420187,663109.2253737082,1022550.9977327518,948311.8974355587,515.5763824074529,363.4101633816026,152.1662190258503,0.0,662745.8152103266,1022398.8315137259,948311.8974355587,SW Asia,
000000000000000000b9,LE,Lebanon,2.479859592410153,3849768.6037308746,522484.0163808133,1191361.6774876933,2135922.909862368,7.239134352873354,0.5681300014257431,0.0,6.6710043514476105,522483.4482508119,1191361.6774876933,2135916.2388580167,3089235.877798038,219914.2664642094,848630.823785504,2020690.787548325,14.405560895910158,-0.10329638235270977,0.0,14.508857278262868,219914.36976059174,848630.823785504,2020676.2786910469,SW Asia,
000000000000000000ba,SY,Syria,0.0,13276.53458423636,8979.587979891468,4296.946604344892,0.0,0.0,0.0,0.0,0.0,8979.587979891468,4296.946604344892,0.0,6237.719699059529,3013.0957884237614,3224.6239106357684,0.0,0.0,0.0,0.0,0.0,3013.0957884237614,3224.6239106357684,0.0,SW Asia,
000000000000000000bb,SY,Syria,0.0,27158.802444846493,22557.788996281462,4601.01344856503,0.0,0.0,0.0,0.0,0.0,22557.788996281462,4601.01344856503,0.0,10915.46098441412,9246.30418764203,1669.1567967720903,0.0,0.0,0.0,0.0,0.0,9246.30418764203,1669.1567967720903,0.0,SW Asia,
000000000000000000bc,IS,Israel,0.0,1296.5416579802759,1296.5416579802759,0.0,0.0,0.0,0.0,0.0,0.0,1296.5416579802759,0.0,0.0,106.829809309665,106.829809309665,0.0,0.0,0.0,0.0,0.0,0.0,106.829809309665,0.0,0.0,SW Asia,
000000000000000000bd,SY,Syria,0.0,5210.635142864924,3176.3362349502545,2034.2989079146698,0.0,0.0,0.0,0.0,0.0,3176.3362349502545,2034.2989079146698,0.0,1698.7769331927454,1268.9766569545518,429.80027623819365,0.0,0.0,0.0,0.0,0.0,1268.9766569545518,429.80027623819365,0.0,SW Asia,
000000000000000000be,SY,Syria,0.0,0.5895286793802299,0.5895286793802299,0.0,0.0,0.0,0.0,0.0,0.0,0.5895286793802299,0.0,0.0,1.560041065309562,1.560041065309562,0.0,0.0,0.0,0.0,0.0,0.0,1.560041065309562,0.0,0.0,SW Asia,
000000000000000000bf,YM,Yemen,0.0,1.8216068018460006E7,3375517.843599442,7785288.911422941,7055261.263437623,0.0,0.0,0.0,0.0,3375517.843599442,7785288.911422941,7055261.263437623,9256434.224526007,1196884.7287043703,3521263.6615667245,4538285.834254911,0.0,0.0,0.0,0.0,1196884.7287043703,3521263.6615667245,4538285.834254911,SW Asia,
00000000000000000026,AS,Australia,0.0,2.266029434725638E7,4287879.603202286,5042693.618795425,1.3329721125258667E7,0.0,0.0,0.0,0.0,4287879.603202286,5042693.618795425,1.3329721125258667E7,5769698.357149786,1099926.0116196878,1286200.7546930425,3383571.5908370563,0.0,0.0,0.0,0.0,1099926.0116196878,1286200.7546930425,3383571.5908370563,Australia,
00000000000000000132,CR,Coral Sea Is,0.0,0.0,0.0,0.0,0.0,0.0,0.0,0.0,0.0,0.0,0.0,0.0,0.0,0.0,0.0,0.0,0.0,0.0,0.0,0.0,0.0,0.0,0.0,Australia,
0000000000000000006a,CU,Cuba,0.0,1.1888258365244027E7,2049581.413972141,4558555.764513291,5280121.186758595,0.0,0.0,0.0,0.0,2049581.413972141,4558555.764513291,5280121.186758595,294159.8241903217,155500.34258076813,-14240.28593977729,152899.7675493309,0.0,0.0,0.0,0.0,155500.34258076813,-14240.28593977729,152899.7675493309,Caribbean,
0000000000000000006e,RQ,Puerto Rico,-0.0,3960075.764652334,658837.8088503968,1983293.0318065395,1317944.9239953978,0.0,0.0,0.0,0.0,658837.8088503968,1983293.0318065395,1317944.9239953978,-117838.11436354209,-13199.578081471585,-1526.3828672541513,-103112.15341481635,0.0,0.0,0.0,0.0,-13199.578081471585,-1526.3828672541513,-103112.15341481635,Caribbean,
0000000000000000006f,VQ,US Virgin Is,-0.0,110312.85354972322,24163.3613504873,86149.49219923592,0.0,0.0,0.0,0.0,0.0,24163.3613504873,86149.49219923592,0.0,-3270.520149650991,1492.6800835537388,-4763.20023320473,0.0,0.0,0.0,0.0,0.0,1492.6800835537388,-4763.20023320473,0.0,Caribbean,
00000000000000000070,VI,British Virgin Is,0.0,14762.87398799379,6291.4871442870835,8471.386843706705,0.0,0.0,0.0,0.0,0.0,6291.4871442870835,8471.386843706705,0.0,7933.375250356208,3001.9068669664844,4931.468383389723,0.0,0.0,0.0,0.0,0.0,3001.9068669664844,4931.468383389723,0.0,Caribbean,
00000000000000000071,AC,Antigua & Barbuda,0.0,79523.06843545384,19651.799264763187,59871.26917069065,0.0,0.0,0.0,0.0,0.0,19651.799264763187,59871.26917069065,0.0,14505.096213616622,4710.615953766268,9794.480259850354,0.0,0.0,0.0,0.0,0.0,4710.615953766268,9794.480259850354,0.0,Caribbean,
00000000000000000072,TB,St Barthelemy,0.0,6918.696088471835,986.9581624554669,5931.737926016368,0.0,0.0,0.0,0.0,0.0,986.9581624554669,5931.737926016368,0.0,3366.290635380601,583.3698483425318,2782.920787038069,0.0,0.0,0.0,0.0,0.0,583.3698483425318,2782.920787038069,0.0,Caribbean,
00000000000000000073,NL,Netherlands (Caribbean),0.0,13163.062902667487,9313.820176267227,3849.2427264002604,0.0,0.0,0.0,0.0,0.0,9313.820176267227,3849.2427264002604,0.0,9481.165279598357,7007.027692961605,2474.1375866367534,0.0,0.0,0.0,0.0,0.0,7007.027692961605,2474.1375866367534,0.0,Caribbean,
00000000000000000074,AV,Anguilla,0.0,11528.747200208421,2600.5358003831307,8928.21139982529,0.0,0.0,0.0,0.0,0.0,2600.5358003831307,8928.21139982529,0.0,3729.9800701973054,966.4210418996428,2763.5590282976627,0.0,0.0,0.0,0.0,0.0,966.4210418996428,2763.5590282976627,0.0,Caribbean,
00000000000000000075,RN,St Martin,0.0,31609.534731619,1620.1824532266635,29989.352278392336,0.0,0.0,0.0,0.0,0.0,1620.1824532266635,29989.352278392336,0.0,12695.630674402382,833.8828044860373,11861.747869916346,0.0,0.0,0.0,0.0,0.0,833.8828044860373,11861.747869916346,0.0,Caribbean,
00000000000000000076,NN,Sint Maarten,0.0,33270.808066201724,1965.9761777804038,31304.831888421322,0.0,0.0,0.0,0.0,0.0,1965.9761777804038,31304.831888421322,0.0,7420.077500147778,402.3421233006753,7017.735376847102,0.0,0.0,0.0,0.0,0.0,402.3421233006753,7017.735376847102,0.0,Caribbean,
00000000000000000077,SC,St Kitts & Nevis,0.0,43860.28409291904,15853.175646360305,28007.108446558737,0.0,0.0,0.0,0.0,0.0,15853.175646360305,28007.108446558737,0.0,10645.229130044638,4991.086695405188,5654.14243463945,0.0,0.0,0.0,0.0,0.0,4991.086695405188,5654.14243463945,0.0,Caribbean,
00000000000000000078,MH,Montserrat,0.0,5077.884336657065,5077.884336657065,0.0,0.0,0.0,0.0,0.0,0.0,5077.884336657065,0.0,0.0,176.5790313943038,176.5790313943038,0.0,0.0,0.0,0.0,0.0,0.0,176.5790313943038,0.0,0.0,Caribbean,
00000000000000000079,GP,Guadeloupe,0.0,335794.90160697117,84880.84194028805,192755.1938615422,58158.86580514088,0.0,0.0,0.0,0.0,84880.84194028805,192755.1938615422,58158.86580514088,25619.56209240588,7705.959019533966,24777.385680424988,-6863.782607553075,0.0,0.0,0.0,0.0,7705.959019533966,24777.385680424988,-6863.782607553075,Caribbean,
0000000000000000007a,DO,Dominica,0.0,63573.27417408921,32923.82238713525,30649.451786953956,0.0,0.0,0.0,0.0,0.0,32923.82238713525,30649.451786953956,0.0,4043.0433055444882,-803.545648541927,4846.5889540864155,0.0,0.0,0.0,0.0,0.0,-803.545648541927,4846.5889540864155,0.0,Caribbean,
0000000000000000007c,TD,Trinidad & Tobago,0.0,1269202.1584895116,147548.46598677305,493237.0277522276,628416.6647505107,0.0,0.0,0.0,0.0,147548.46598677305,493237.0277522276,628416.6647505107,90653.57547602094,20843.29727900538,56378.537618047674,13431.740578967892,0.0,0.0,0.0,0.0,20843.29727900538,56378.537618047674,13431.740578967892,Caribbean,
0000000000000000007d,GJ,Grenada,0.0,95318.19104871282,37645.65797724446,57672.533071468366,0.0,0.0,0.0,0.0,0.0,37645.65797724446,57672.533071468366,0.0,5132.816637901062,1425.5523935648355,3707.2642443362265,0.0,0.0,0.0,0.0,0.0,1425.5523935648355,3707.2642443362265,0.0,Caribbean,
0000000000000000007e,MB,Martinique,0.0,356991.9174838878,86117.72978952278,158606.71720991147,112267.47048445359,0.0,0.0,0.0,0.0,86117.72978952278,158606.71720991147,112267.47048445359,8975.36392372336,1887.5646645424708,18821.93006897575,-11734.130809794862,0.0,0.0,0.0,0.0,1887.5646645424708,18821.93006897575,-11734.130809794862,Caribbean,
0000000000000000007f,ST,Saint Lucia,0.0,154697.44750495104,34791.07928553148,119906.36821941956,0.0,0.0,0.0,0.0,0.0,34791.07928553148,119906.36821941956,0.0,28245.08627954479,8117.475765760702,20127.610513784086,0.0,0.0,0.0,0.0,0.0,8117.475765760702,20127.610513784086,0.0,Caribbean,
00000000000000000080,VC,St Vincent & the Grenadines,0.0,93036.12444005303,23074.608202675754,69961.51623737728,0.0,0.0,0.0,0.0,0.0,23074.608202675754,69961.51623737728,0.0,2226.240422135752,1535.0296664020877,691.210755733664,0.0,0.0,0.0,0.0,0.0,1535.0296664020877,691.210755733664,0.0,Caribbean,
00000000000000000081,BB,Barbados,0.0,274170.9365168476,43150.72870008557,85636.46148719508,145383.7463295669,0.0,0.0,0.0,0.0,43150.72870008557,85636.46148719508,145383.7463295669,14972.79369395592,2720.161086003503,17952.269174586105,-5699.636566633688,0.0,0.0,0.0,0.0,2720.161086003503,17952.269174586105,-5699.636566633688,Caribbean,
00000000000000000087,UC,Curacao,0.0,121903.5920405148,14619.787259487177,107283.80478102763,0.0,0.0,0.0,0.0,0.0,14619.787259487177,107283.80478102763,0.0,26313.377322260654,1694.3811048800326,24618.99621738062,0.0,0.0,0.0,0.0,0.0,1694.3811048800326,24618.99621738062,0.0,Caribbean,
00000000000000000088,AA,Aruba,0.0,87100.78166080412,5615.794917121024,81484.9867436831,0.0,0.0,0.0,0.0,0.0,5615.794917121024,81484.9867436831,0.0,12137.289204119787,709.0921376821026,11428.197066437684,0.0,0.0,0.0,0.0,0.0,709.0921376821026,11428.197066437684,0.0,Caribbean,
00000000000000000089,DR,Dominican Republic,0.0,9043925.278164102,1299190.2200360182,2547131.6188184144,5197603.439309669,0.0,0.0,0.0,0.0,1299190.2200360182,2547131.6188184144,5197603.439309669,2076872.0658424038,145943.3779925097,384055.64649382577,1546873.0413560683,0.0,0.0,0.0,0.0,145943.3779925097,384055.64649382577,1546873.0413560683,Caribbean,
0000000000000000008a,HA,Haiti,0.0,8677295.049419075,1545458.3602306289,3688823.038962541,3443013.650225905,0.0,0.0,0.0,0.0,1545458.3602306289,3688823.038962541,3443013.650225905,2209211.953030516,-123300.60898490848,854084.9132683546,1478427.6487470698,0.0,0.0,0.0,0.0,-123300.60898490848,854084.9132683546,1478427.6487470698,Caribbean,
0000000000000000008b,JM,Jamaica,0.0,2676938.550597728,435979.4068300296,1154075.2953957308,1086883.848371968,0.0,0.0,0.0,0.0,435979.4068300296,1154075.2953957308,1086883.848371968,204503.78684661005,122190.15219735478,74086.56625367378,8227.068395581487,0.0,0.0,0.0,0.0,122190.15219735478,74086.56625367378,8227.068395581487,Caribbean,
0000000000000000008c,BQ,Navassa I,0.0,0.0,0.0,0.0,0.0,0.0,0.0,0.0,0.0,0.0,0.0,0.0,0.0,0.0,0.0,0.0,0.0,0.0,0.0,0.0,0.0,0.0,0.0,Caribbean,
0000000000000000008d,CU,Cuba,0.0,3619.547567169211,3619.547567169211,0.0,0.0,0.0,0.0,0.0,0.0,3619.547567169211,0.0,0.0,592.0277411318649,592.0277411318649,0.0,0.0,0.0,0.0,0.0,0.0,592.0277411318649,0.0,0.0,Caribbean,
00000000000000000091,CJ,Cayman Is,0.0,43746.43568401095,5947.816214043699,37798.61946996725,0.0,0.0,0.0,0.0,0.0,5947.816214043699,37798.61946996725,0.0,19124.0476623586,1297.134494704012,17826.913167654588,0.0,0.0,0.0,0.0,0.0,1297.134494704012,17826.913167654588,0.0,Caribbean,
00000000000000000030,AY,Antarctica,0.0,0.0,0.0,0.0,0.0,0.0,0.0,0.0,0.0,0.0,0.0,0.0,0.0,0.0,0.0,0.0,0.0,0.0,0.0,0.0,0.0,0.0,0.0,Antarctica,
00000000000000000031,AY,Antarctica,0.0,0.0,0.0,0.0,0.0,0.0,0.0,0.0,0.0,0.0,0.0,0.0,0.0,0.0,0.0,0.0,0.0,0.0,0.0,0.0,0.0,0.0,0.0,Antarctica,
00000000000000000032,AY,Antarctica,0.0,0.0,0.0,0.0,0.0,0.0,0.0,0.0,0.0,0.0,0.0,0.0,0.0,0.0,0.0,0.0,0.0,0.0,0.0,0.0,0.0,0.0,0.0,Antarctica,
00000000000000000033,AY,Antarctica,0.0,0.0,0.0,0.0,0.0,0.0,0.0,0.0,0.0,0.0,0.0,0.0,0.0,0.0,0.0,0.0,0.0,0.0,0.0,0.0,0.0,0.0,0.0,Antarctica,
00000000000000000035,BV,Bouvet Island,0.0,0.0,0.0,0.0,0.0,0.0,0.0,0.0,0.0,0.0,0.0,0.0,0.0,0.0,0.0,0.0,0.0,0.0,0.0,0.0,0.0,0.0,0.0,S Atlantic,
00000000000000000036,SX,S Georgia & S Sandwich Is,0.0,0.0,0.0,0.0,0.0,0.0,0.0,0.0,0.0,0.0,0.0,0.0,0.0,0.0,0.0,0.0,0.0,0.0,0.0,0.0,0.0,0.0,0.0,S Atlantic,
000000000000000000db,SH,St Helena,-0.0,5423.259262575775,5423.259262575775,0.0,0.0,0.0,0.0,0.0,0.0,5423.259262575775,0.0,0.0,-1253.385745856321,-1253.385745856321,0.0,0.0,0.0,0.0,0.0,0.0,-1253.385745856321,0.0,0.0,S Atlantic,
00000000000000000006,TX,Turkmenistan,0.0,5790455.776910413,751088.4035134225,1777673.7403679513,3261693.6330290395,0.0,0.0,0.0,0.0,751088.4035134225,1777673.7403679513,3261693.6330290395,1121930.915827005,170757.16975794575,292338.6229846899,658835.1230843693,0.0,0.0,0.0,0.0,170757.16975794575,292338.6229846899,658835.1230843693,Central Asia,
0000000000000000004b,KG,Kyrgyzstan,1.8320495685107403,6514492.496323441,897536.261510872,2650100.198603543,2966856.0362090254,13015.55528733774,1212.6672683383367,9534.457367504747,2268.430651494656,896323.5942425337,2640565.741236038,2964587.6055575307,1302008.7043569828,221272.169186954,471089.2416808504,609647.2934891786,4765.771553436163,580.0079372119044,3500.691840360818,685.0717758634408,220692.16124974212,467588.5498404896,608962.2217133152,Central Asia,
0000000000000000004c,KZ,Kazakhstan,0.14744892525638154,2.226542875141786E7,4482047.3667313745,8279934.751171656,9503446.633514827,119715.68425544749,22522.056289875898,69003.43527804525,28190.192687526345,4459525.310441499,8210931.315893611,9475256.4408273,3671553.63353101,198812.42685946624,327052.53267334413,3145688.6739981994,2910.794044851008,4335.7293006032005,-2608.0318562083557,1183.0966004561633,194476.69755886303,329660.5645295525,3144505.5773977432,Central Asia,
0000000000000000004d,TI,Tajikistan,0.6851162038880622,7982485.485820855,1128640.9082848756,2905343.718090225,3948500.8594457544,4733.700090814382,1091.2316940445453,718.6174864787608,2923.8509102910757,1127549.676590831,2904625.1006037463,3945577.0085354634,2978419.2584510343,185845.7664580486,1238806.0483937545,1553767.4435992315,1210.0760692202505,1313.3550856926497,366.195363169536,-469.47437964193523,184532.41137235594,1238439.853030585,1554236.9179788735,Central Asia,
0000000000000000004e,UZ,Uzbekistan,2.3451168846152184,3.231482326331887E7,2620992.8989590434,1.033915717216231E7,1.9354673192197517E7,30624.592304939062,11466.19099962665,12909.81532279331,6248.5859825191055,2609526.707959417,1.0326247356839515E7,1.9348424606214996E7,7026834.500992851,1100913.751534179,2544538.7003357424,3381382.0491229305,15616.825202472235,9891.95629434361,3127.149833950594,2597.7190741780314,1091021.7952398355,2541411.5505017918,3378784.3300487525,Central Asia,
0000000000000000001f,FS,French S & Antarctic Lands,0.0,0.0,0.0,0.0,0.0,0.0,0.0,0.0,0.0,0.0,0.0,0.0,0.0,0.0,0.0,0.0,0.0,0.0,0.0,0.0,0.0,0.0,0.0,Indian Ocean,
00000000000000000020,RE,Reunion,0.0,777105.7040615934,83020.4539657168,313434.67836029164,380650.57173558505,0.0,0.0,0.0,0.0,83020.4539657168,313434.67836029164,380650.57173558505,130978.03993105679,16405.07770564977,56048.21781042143,58524.74441498559,0.0,0.0,0.0,0.0,16405.07770564977,56048.21781042143,58524.74441498559,Indian Ocean,
00000000000000000021,MP,Mauritius,0.0,1249760.5037749235,125806.02850029207,560369.9198070199,563584.5554676116,0.0,0.0,0.0,0.0,125806.02850029207,560369.9198070199,563584.5554676116,93069.62022711155,10486.459523034428,79617.91134620865,2965.24935786847,0.0,0.0,0.0,0.0,10486.459523034428,79617.91134620865,2965.24935786847,Indian Ocean,
00000000000000000023,SE,Seychelles,0.0,72689.00345427416,27741.593570652418,44947.409883621745,0.0,0.0,0.0,0.0,0.0,27741.593570652418,44947.409883621745,0.0,13385.193858876122,3328.3416746118432,10056.852184264279,0.0,0.0,0.0,0.0,0.0,3328.3416746118432,10056.852184264279,0.0,Indian Ocean,
00000000000000000024,IO,British Indian Ocean Terr,0.0,0.0,0.0,0.0,0.0,0.0,0.0,0.0,0.0,0.0,0.0,0.0,0.0,0.0,0.0,0.0,0.0,0.0,0.0,0.0,0.0,0.0,0.0,Indian Ocean,
00000000000000000034,HM,Heard I & McDonald Is,0.0,0.0,0.0,0.0,0.0,0.0,0.0,0.0,0.0,0.0,0.0,0.0,0.0,0.0,0.0,0.0,0.0,0.0,0.0,0.0,0.0,0.0,0.0,Indian Ocean,
000000000000000000ce,KT,Christmas I,0.0,1859.1616635211815,1859.1616635211815,0.0,0.0,0.0,0.0,0.0,0.0,1859.1616635211815,0.0,0.0,408.43998029660435,408.43998029660435,0.0,0.0,0.0,0.0,0.0,0.0,408.43998029660435,0.0,0.0,Indian Ocean,
000000000000000000cf,CK,Cocos (Keeling) Is,0.0,106.03736637428989,106.03736637428989,0.0,0.0,0.0,0.0,0.0,0.0,106.03736637428989,0.0,0.0,26.509343924805258,26.509343924805258,0.0,0.0,0.0,0.0,0.0,0.0,26.509343924805258,0.0,0.0,Indian Ocean,
00000000000000000064,MX,Mexico,0.0,1.1047867460413562E8,2.2139487264292523E7,2.278067791403292E7,6.555850942581018E7,0.0,0.0,0.0,0.0,2.2139487264292523E7,2.278067791403292E7,6.555850942581018E7,2.6078031942207847E7,4827797.307554469,7126327.365694735,1.4123907268958643E7,0.0,0.0,0.0,0.0,4827797.307554469,7126327.365694735,1.4123907268958643E7,North America,
00000000000000000065,IP,Clipperton Island,0.0,0.0,0.0,0.0,0.0,0.0,0.0,0.0,0.0,0.0,0.0,0.0,0.0,0.0,0.0,0.0,0.0,0.0,0.0,0.0,0.0,0.0,0.0,North America,
00000000000000000069,US,United States,0.837786511634704,1.4970997697049636E8,5.1974861939858854E7,4.34598806437053E7,5.427523438693221E7,22859.78609094481,11688.85478494014,7111.670558607194,4059.260747397476,5.196317308507391E7,4.345276897314669E7,5.427117512618481E7,2.8517750816294577E7,7779526.7613368975,9987051.96824813,1.0751172086709552E7,3648.1278713347465,2586.5919774333543,675.8252118935533,385.71068200783884,7776940.169359464,9986376.143036237,1.0750786376027543E7,North America,
0000000000000000006b,BF,"Bahamas, The",0.0,321337.3479021962,72522.76307585769,63757.944615118766,185056.64021121975,0.0,0.0,0.0,0.0,72522.76307585769,63757.944615118766,185056.64021121975,97953.75533419124,24488.781837916304,19469.525829596798,53995.447666678134,0.0,0.0,0.0,0.0,24488.781837916304,19469.525829596798,53995.447666678134,North America,
0000000000000000006c,TK,Turks & Caicos Is,0.0,18658.141182941188,9063.330074071944,9594.811108869244,0.0,0.0,0.0,0.0,0.0,9063.330074071944,9594.811108869244,0.0,16152.83299976696,4446.145276437183,11706.687723329778,0.0,0.0,0.0,0.0,0.0,4446.145276437183,11706.687723329778,0.0,North America,
0000000000000000006d,BD,Bermuda,-0.0,64850.373396707335,16577.13213677416,48273.24125993318,0.0,0.0,0.0,0.0,0.0,16577.13213677416,48273.24125993318,0.0,-3676.2904258760746,444.48853824145783,-4120.778964117532,0.0,0.0,0.0,0.0,0.0,444.48853824145783,-4120.778964117532,0.0,North America,
00000000000000000118,GL,Greenland,0.0,91639.80032010392,56680.923037833665,34958.87728227026,0.0,0.0,0.0,0.0,0.0,56680.923037833665,34958.87728227026,0.0,3649.979647348844,-9556.02726121037,13206.006908559215,0.0,0.0,0.0,0.0,0.0,-9556.02726121037,13206.006908559215,0.0,North America,
00000000000000000119,CA,Canada,1.0326097037170898,3.006971311127138E7,7819678.549177969,6164604.879087039,1.608542968300637E7,15769.861371061847,4428.896923835895,1994.478486607706,9346.485960618245,7815249.652254133,6162610.4006004315,1.6076083197045753E7,4288603.49465909,513892.71491136233,801322.4542141845,2973388.3255335432,2322.473076118877,377.28474676079964,525.1726876683972,1420.0156416896803,513515.43016460154,800797.2815265162,2971968.3098918535,North America,
0000000000000000011a,SB,St Pierre & Miquelon,0.0,8368.940887108205,1059.4573930971108,7309.483494011095,0.0,0.0,0.0,0.0,0.0,1059.4573930971108,7309.483494011095,0.0,126.643390642913,298.1223578662441,-171.4789672233311,0.0,0.0,0.0,0.0,0.0,298.1223578662441,-171.4789672233311,0.0,North America,
0000000000000000011b,CA,Canada,0.0,41254.82673322047,29967.499565382597,11287.327167837877,0.0,0.0,0.0,0.0,0.0,29967.499565382597,11287.327167837877,0.0,9366.15695618404,6815.504297894514,2550.6526582895276,0.0,0.0,0.0,0.0,0.0,6815.504297894514,2550.6526582895276,0.0,North America,
0000000000000000011c,US,United States,1.0137178881044477,1.3072171151297474E8,3.606714805731798E7,3.1566487393971466E7,6.3088076061685294E7,263814.8586678728,47636.73374765529,36383.4598579798,179794.6650622377,3.6019511323570326E7,3.1530103934113484E7,6.290828139662305E7,5128794.830756012,1571982.2226762725,2022080.8756825349,1534731.7323972052,10492.620448131094,3630.772926892412,2870.474488290201,3991.3730329484815,1568351.4497493801,2019210.4011942446,1530740.3593642567,North America,
0000000000000000011d,CA,Canada,0.15522831335626436,9145942.32323333,3038295.080066078,1965292.282051043,4142354.9611162096,158.55160249504354,158.55160249504354,0.0,0.0,3038136.528463583,1965292.282051043,4142354.9611162096,2325125.564125202,458292.5371718849,498177.3110749383,1368655.7158783788,6.256904514679604,6.256904514679604,0.0,0.0,458286.2802673702,498177.3110749383,1368655.7158783788,North America,
0000000000000000011e,CA,Canada,0.0,83724.29722174919,47404.348994440734,36319.94822730846,0.0,0.0,0.0,0.0,0.0,47404.348994440734,36319.94822730846,0.0,5414.46026975723,3586.7498115483068,1827.7104582089232,0.0,0.0,0.0,0.0,0.0,3586.7498115483068,1827.7104582089232,0.0,North America,
0000000000000000011f,CA,Canada,0.0,403.5734082316067,403.5734082316067,0.0,0.0,0.0,0.0,0.0,0.0,403.5734082316067,0.0,0.0,95.59531381248209,95.59531381248209,0.0,0.0,0.0,0.0,0.0,0.0,95.59531381248209,0.0,0.0,North America,
00000000000000000121,CA,Canada,0.0,8470.60417186265,8470.60417186265,0.0,0.0,0.0,0.0,0.0,0.0,8470.60417186265,0.0,0.0,2590.141376394875,2590.141376394875,0.0,0.0,0.0,0.0,0.0,0.0,2590.141376394875,0.0,0.0,North America,
00000000000000000123,US,United States (Alaska),0.0,1283926.14361116,626997.6052403767,429408.79353440553,227519.74483637788,0.0,0.0,0.0,0.0,626997.6052403767,429408.79353440553,227519.74483637788,267201.8854434276,137345.5870929717,87194.4905150938,42661.80783536214,0.0,0.0,0.0,0.0,137345.5870929717,87194.4905150938,42661.80783536214,North America,
00000000000000000124,CA,Canada,0.0,83873.79703149915,55692.00720214629,28181.78982935287,0.0,0.0,0.0,0.0,0.0,55692.00720214629,28181.78982935287,0.0,19306.949735393966,8246.95670675866,11059.993028635305,0.0,0.0,0.0,0.0,0.0,8246.95670675866,11059.993028635305,0.0,North America,
00000000000000000125,CA,Canada,0.0,5230336.672522251,914392.9539689966,1156185.6356010647,3159758.08295219,0.0,0.0,0.0,0.0,914392.9539689966,1156185.6356010647,3159758.08295219,1128310.973681979,93908.20309125018,187271.23136947062,847131.5392212584,0.0,0.0,0.0,0.0,93908.20309125018,187271.23136947062,847131.5392212584,North America,
00000000000000000126,US,United States,0.7389407469088772,2.1062367198847637E7,5872405.85278237,6623580.285177978,8566381.060887288,1852.2066386324645,1079.248073158908,772.9585654735565,0.0,5871326.604709211,6622807.326612504,8566381.060887288,4629821.184950395,1061200.093172493,1604760.8828427878,1963860.2089351143,300.85420750816917,48.01873730858421,252.83547019958496,0.0,1061152.0744351842,1604508.0473725882,1963860.2089351143,North America,
00000000000000000127,US,United States,0.5562196599105929,5.4824301595961556E7,5672743.512232541,8428224.604879046,4.072333347884997E7,6453.683917583432,4888.042564102914,1410.398483671248,155.2428698092699,5667855.469668439,8426814.206395375,4.072317823598016E7,1.0705321200409995E7,1264560.4669635168,2363241.1841598027,7077519.549286677,700.9396392220244,74.9607360289977,593.5243543572724,32.454548835754395,1264485.5062274877,2362647.6598054455,7077487.094737841,North America,
00000000000000000028,BL,Bolivia,0.0,8803862.576338567,2355197.5572336377,2113170.0015160474,4335495.017588882,0.0,0.0,0.0,0.0,2355197.5572336377,2113170.0015160474,4335495.017588882,2514818.316038882,416989.9412751985,791381.3696143979,1306447.0051492853,0.0,0.0,0.0,0.0,416989.9412751985,791381.3696143979,1306447.0051492853,South America,
00000000000000000029,CI,Chile,0.0,1.8248851300964016E7,2365590.045798628,4224049.421354429,1.1659211833810957E7,0.0,0.0,0.0,0.0,2365590.045798628,4224049.421354429,1.1659211833810957E7,3336717.8709705505,450123.1085780036,722785.9250445676,2163808.8373479797,0.0,0.0,0.0,0.0,450123.1085780036,722785.9250445676,2163808.8373479797,South America,
0000000000000000002a,PA,Paraguay,0.0,5903480.195638525,1283329.3869220642,1918361.3940499425,2701789.414666519,0.0,0.0,0.0,0.0,1283329.3869220642,1918361.3940499425,2701789.414666519,1547836.5660630807,256798.9609350196,328345.5575004819,962692.0476275792,0.0,0.0,0.0,0.0,256798.9609350196,328345.5575004819,962692.0476275792,South America,
0000000000000000002b,AR,Argentina,0.0,4.4080831893190905E7,4365014.608198903,1.0734026207707936E7,2.8981791077284068E7,0.0,0.0,0.0,0.0,4365014.608198903,1.0734026207707936E7,2.8981791077284068E7,7667138.809012313,1284748.647576831,1834894.7643931995,4547495.397042283,0.0,0.0,0.0,0.0,1284748.647576831,1834894.7643931995,4547495.397042283,South America,
0000000000000000002c,UY,Uruguay,0.0,4000605.8062524507,607133.825428996,1134326.534452308,2259145.446371147,0.0,0.0,0.0,0.0,607133.825428996,1134326.534452308,2259145.446371147,135102.26280196305,-49970.11427677921,116630.98678971159,68441.39028903065,0.0,0.0,0.0,0.0,-49970.11427677921,116630.98678971159,68441.39028903065,South America,
0000000000000000002d,BR,Invernada Area,-0.0,392.6956231919097,392.6956231919097,0.0,0.0,0.0,0.0,0.0,0.0,392.6956231919097,0.0,0.0,-65.39653652136523,-65.39653652136523,0.0,0.0,0.0,0.0,0.0,0.0,-65.39653652136523,0.0,0.0,South America,
0000000000000000002e,UU,Isla Brasilera,0.0,0.0,0.0,0.0,0.0,0.0,0.0,0.0,0.0,0.0,0.0,0.0,0.0,0.0,0.0,0.0,0.0,0.0,0.0,0.0,0.0,0.0,0.0,South America,
00000000000000000037,FA,Falkland Islands,0.0,3733.1004835155522,3733.1004835155522,0.0,0.0,0.0,0.0,0.0,0.0,3733.1004835155522,0.0,0.0,63.59594137926946,63.59594137926946,0.0,0.0,0.0,0.0,0.0,0.0,63.59594137926946,0.0,0.0,South America,
00000000000000000066,EC,Ecuador,0.0,1.239081268548987E7,2415968.2635514615,3079305.7816256722,6895538.640312737,0.0,0.0,0.0,0.0,2415968.2635514615,3079305.7816256722,6895538.640312737,3439216.8417509412,568840.6605985283,1013161.6511463493,1857214.5300060636,0.0,0.0,0.0,0.0,568840.6605985283,1013161.6511463493,1857214.5300060636,South America,
0000000000000000007b,VE,Venezuela,0.0,2.4637748547036342E7,2925159.2885725256,8095504.03453109,1.3617085223932726E7,0.0,0.0,0.0,0.0,2925159.2885725256,8095504.03453109,1.3617085223932726E7,6672809.3142446745,879357.6959949875,-827878.1549477872,6621329.773197475,0.0,0.0,0.0,0.0,879357.6959949875,-827878.1549477872,6621329.773197475,South America,
00000000000000000082,NS,Suriname,0.0,457299.80105587805,157547.84292175015,105297.26388795083,194454.6942461771,0.0,0.0,0.0,0.0,157547.84292175015,105297.26388795083,194454.6942461771,70586.73639552479,29532.76488883438,43319.982741363834,-2266.0112346734313,0.0,0.0,0.0,0.0,29532.76488883438,43319.982741363834,-2266.0112346734313,South America,
00000000000000000083,FG,French Guiana,0.0,157246.58156081595,34897.43500860828,76668.44230829479,45680.704243912885,0.0,0.0,0.0,0.0,34897.43500860828,76668.44230829479,45680.704243912885,99237.13845802937,37576.637051416146,55544.98189996479,6115.51950664842,0.0,0.0,0.0,0.0,37576.637051416146,55544.98189996479,6115.51950664842,South America,
00000000000000000084,GY,Guyana,0.0,726124.6781841796,262654.7216633788,270156.7881367338,193313.16838406702,0.0,0.0,0.0,0.0,262654.7216633788,270156.7881367338,193313.16838406702,22212.714591321088,7318.2947827779935,3642.5031448290792,11251.916663714015,0.0,0.0,0.0,0.0,7318.2947827779935,3642.5031448290792,11251.916663714015,South America,
00000000000000000085,CO,Colombia,0.0,4.040119993839887E7,6673323.394016425,9780353.585972609,2.394752295840984E7,0.0,0.0,0.0,0.0,6673323.394016425,9780353.585972609,2.394752295840984E7,7797402.481921019,994965.0402352036,1573929.8078251926,5228507.6338606225,0.0,0.0,0.0,0.0,994965.0402352036,1573929.8078251926,5228507.6338606225,South America,
00000000000000000093,PE,Peru,0.0,2.595435408469974E7,7187328.859683621,5760420.751629793,1.3006604473386325E7,0.0,0.0,0.0,0.0,7187328.859683621,5760420.751629793,1.3006604473386325E7,5559659.343899208,222264.97675809707,1455617.5851252708,3881776.78201584,0.0,0.0,0.0,0.0,222264.97675809707,1455617.5851252708,3881776.78201584,South America,
000000000000000000da,BR,Brazil,0.0,1.8398849121660924E8,3.969950366895809E7,4.4739232568064995E7,9.954975497958614E7,0.0,0.0,0.0,0.0,3.969950366895809E7,4.4739232568064995E7,9.954975497958614E7,3.3326801274473116E7,4677829.446937075,8589187.574694451,2.0059784252841588E7,0.0,0.0,0.0,0.0,4677829.446937075,8589187.574694451,2.0059784252841588E7,South America,
00000000000000000067,ES,El Salvador,0.0,5984522.466281597,899470.7383086112,2227410.9033518336,2857640.8246211517,0.0,0.0,0.0,0.0,899470.7383086112,2227410.9033518336,2857640.8246211517,328138.179783315,122783.87143337412,120877.28245188908,84477.0258980518,0.0,0.0,0.0,0.0,122783.87143337412,120877.28245188908,84477.0258980518,Central America,
00000000000000000068,GT,Guatemala,0.0,1.2061492987253746E7,1772910.7587171253,5426106.28667009,4862475.94186653,0.0,0.0,0.0,0.0,1772910.7587171253,5426106.28667009,4862475.94186653,4779038.391458664,931100.9336928979,2363777.367902671,1484160.0898630952,0.0,0.0,0.0,0.0,931100.9336928979,2363777.367902671,1484160.0898630952,Central America,
00000000000000000086,PM,Panama,0.0,3011863.3936993983,991119.5555259925,738554.1671024921,1282189.6710709138,0.0,0.0,0.0,0.0,991119.5555259925,738554.1671024921,1282189.6710709138,894491.4249550535,258939.15967690616,231122.59550876147,404429.66976938583,0.0,0.0,0.0,0.0,258939.15967690616,231122.59550876147,404429.66976938583,Central America,
0000000000000000008e,CS,Costa Rica,0.0,3977468.1393220397,937500.1565942426,1031763.7883826189,2008204.1943451783,0.0,0.0,0.0,0.0,937500.1565942426,1031763.7883826189,2008204.1943451783,896722.940310089,265689.57055437425,313240.0054132273,317793.3643424875,0.0,0.0,0.0,0.0,265689.57055437425,313240.0054132273,317793.3643424875,Central America,
0000000000000000008f,NU,Nicaragua,0.0,5148530.341321411,1098417.8607702663,2043434.1498220842,2006678.33072906,0.0,0.0,0.0,0.0,1098417.8607702663,2043434.1498220842,2006678.33072906,1077935.12540422,459554.85056111147,460461.17251872184,157919.1023243869,0.0,0.0,0.0,0.0,459554.85056111147,460461.17251872184,157919.1023243869,Central America,
00000000000000000090,HO,Honduras,0.0,6433077.6942399535,3195692.561102993,1472056.1388639815,1765328.9942729794,0.0,0.0,0.0,0.0,3195692.561102993,1472056.1388639815,1765328.9942729794,1889038.1337479434,612192.7808501758,557772.937693667,719072.4152041007,0.0,0.0,0.0,0.0,612192.7808501758,557772.937693667,719072.4152041007,Central America,
00000000000000000092,BH,Belize,0.0,254462.92648026074,105489.81527661705,107372.38987642768,41600.721327216015,0.0,0.0,0.0,0.0,105489.81527661705,107372.38987642768,41600.721327216015,115692.81838352849,47679.31669350907,44916.79271763944,23096.708972379976,0.0,0.0,0.0,0.0,47679.31669350907,44916.79271763944,23096.708972379976,Central America,
