system:index,CLOUD_COVER,DELTA,DFO_ID,LANDSAT_5,LANDSAT_7,LANDSAT_8,LANDSAT_ALL,X,Y,.geo
DFO_1595_From_20000405_to_20000425,20,1,1595.0,0,0,0,0,21.137670067213204,48.03813071931761,
DFO_1614_From_20000711_to_20000810,20,1,1614.0,0,0,0,0,103.77348249345629,15.077585956096483,
DFO_1627_From_20000830_to_20000910,20,1,1627.0,0,0,0,0,126.75311744513111,41.71137143173197,
DFO_1641_From_20000918_to_20001021,20,1,1641.0,0,1,0,1,83.96989516836256,25.92024105418647,
DFO_1747_From_20010708_to_20010810,20,1,1747.0,0,0,0,0,85.81621158201825,20.77434523070911,
DFO_1772_From_20010806_to_20010913,20,1,1772.0,0,0,0,0,33.33305283204393,17.121240350278978,
DFO_1778_From_20010819_to_20011011,20,1,1778.0,0,0,0,0,15.596116163180458,10.196998464669086,
DFO_1781_From_20010815_to_20011119,20,1,1781.0,0,0,0,0,103.77348249345629,15.077585956096483,
DFO_1789_From_20010820_to_20010911,20,1,1789.0,0,0,0,0,81.56840518830815,26.977194318660974,
DFO_1791_From_20010907_to_20010924,20,1,1791.0,0,0,0,0,81.56840518830815,26.977194318660974,
DFO_1793_From_20010818_to_20011009,20,1,1793.0,0,0,0,0,-4.376888510240526,14.671275437126937,
DFO_1810_From_20011001_to_20011201,20,1,1810.0,0,5,0,5,-63.134586430386065,-31.82446895135786,
DFO_1818_From_20011026_to_20011115,20,1,1818.0,0,2,0,2,-83.41031364898929,17.029664458692903,
DFO_1820_From_20011101_to_20011114,20,1,1820.0,0,0,0,0,40.634168964961795,3.5440210741842213,
DFO_1829_From_20011128_to_20011207,20,1,1829.0,0,0,0,0,-92.22038946639292,35.81259545221491,
DFO_1840_From_20011217_to_20011225,20,1,1840.0,0,0,0,0,-92.21991790485359,36.86113661567353,
DFO_1885_From_20020115_to_20020402,20,1,1885.0,0,0,0,0,-50.719991333132064,-9.716661817035085,
DFO_1907_From_20020416_to_20020421,20,1,1907.0,0,0,0,0,43.46946474184525,6.26623299326991,
DFO_1908_From_20020418_to_20020429,20,1,1908.0,0,0,0,0,92.0121883749919,24.2975268425161,
DFO_1910_From_20020422_to_20020507,20,1,1910.0,0,1,0,1,67.70159222067791,56.65713636284535,
DFO_1917_From_20020426_to_20020528,20,1,1917.0,0,0,0,0,30.186729172113047,-4.043647792302267,
DFO_1919_From_20020507_to_20020608,20,1,1919.0,0,0,0,0,-95.88900200995148,42.295288973463755,
DFO_1921_From_20020507_to_20020606,20,1,1921.0,0,0,0,0,67.10685018871335,56.396045844383345,
DFO_1925_From_20020506_to_20020528,20,1,1925.0,0,1,0,1,-57.981812607878105,-23.411702745167744,
DFO_1931_From_20020524_to_20020601,20,1,1931.0,0,1,0,1,130.33188175128677,60.30574104593637,
DFO_1938_From_20020604_to_20020606,20,1,1938.0,0,0,0,0,32.05760839333071,34.96255438451016,
DFO_1939_From_20020423_to_20020509,20,1,1939.0,0,0,0,0,-57.15695684549767,-29.88289994624097,
DFO_1943_From_20020608_to_20020629,20,1,1943.0,0,0,0,0,-96.40964653134138,45.94174480146772,
DFO_1951_From_20020612_to_20020616,20,1,1951.0,0,0,0,0,-79.5411986622872,21.290478276886027,
DFO_1962_From_20020619_to_20020701,20,1,1962.0,0,0,0,0,43.608631548847235,43.05750367910153,
DFO_1971_From_20020630_to_20020713,20,1,1971.0,0,4,0,4,106.62454918878895,31.57356801870504,
DFO_1972_From_20020630_to_20020723,20,1,1972.0,0,0,0,0,-101.907363066326,31.538794019416994,
DFO_1974_From_20020621_to_20020828,20,1,1974.0,0,0,0,0,84.1419774012404,24.226230651385706,
DFO_1977_From_20020705_to_20020708,20,1,1977.0,0,0,0,0,-69.481318536608,8.01439100526441,
DFO_1979_From_20020706_to_20020708,20,1,1979.0,0,0,0,0,-102.02411817810525,43.784661564431495,
DFO_1980_From_20020707_to_20020709,20,1,1980.0,0,0,0,0,81.56840518830815,26.977194318660974,
DFO_1981_From_20020706_to_20020719,20,1,1981.0,0,0,0,0,121.89025046398336,12.064047356711951,
DFO_1985_From_20020712_to_20020715,20,1,1985.0,0,0,0,0,175.59369363019098,-37.956707527087275,
DFO_1991_From_20020715_to_20021202,20,1,1991.0,0,0,0,0,103.77348249345629,15.077585956096483,
DFO_1996_From_20020720_to_20020731,20,1,1996.0,0,0,0,0,-66.63481360517926,4.593210263754315,
DFO_1998_From_20020720_to_20020728,20,1,1998.0,0,0,0,0,121.89025046398336,12.064047356711951,
DFO_2007_From_20020427_to_20020531,20,1,2007.0,0,0,0,0,-154.74396221531785,63.43246463775202,
DFO_2009_From_20020728_to_20020803,20,1,2009.0,0,0,0,0,18.616461555747367,-31.64611181366781,
DFO_2019_From_20020805_to_20020812,20,1,2019.0,0,0,0,0,116.17911569840817,24.67934340190301,
DFO_2023_From_20020806_to_20020828,20,1,2023.0,0,0,0,0,104.57424374940746,30.33412193322081,
DFO_2024_From_20020807_to_20020828,20,1,2024.0,0,4,0,4,12.164067687528451,51.389696414297624,
DFO_2029_From_20020810_to_20020814,20,1,2029.0,0,0,0,0,56.491678943549296,37.63955818679388,
DFO_2035_From_20020814_to_20020822,20,1,2035.0,0,0,0,0,107.40468551757722,23.394808662116237,
DFO_2039_From_20020818_to_20021126,20,1,2039.0,0,0,0,0,100.3101308298623,20.913085528925187,
DFO_2041_From_20020817_to_20020904,20,1,2041.0,0,0,0,0,96.15454502650124,22.47652236120382,
DFO_2042_From_20020824_to_20020829,20,1,2042.0,0,0,0,0,-71.82816712989712,-34.1766606577364,
DFO_2045_From_20020831_to_20020903,20,1,2045.0,1,0,0,1,127.82352737892754,37.18019896756526,
DFO_2046_From_20020828_to_20020906,20,1,2046.0,0,0,0,0,133.9622813999847,46.14986468008746,
DFO_2049_From_20020903_to_20020906,20,1,2049.0,0,0,0,0,77.13375616242239,16.235793070760288,
DFO_2052_From_20020908_to_20020912,20,1,2052.0,0,0,0,0,1.403945218400345,41.96647776151103,
DFO_2056_From_20020906_to_20020919,20,1,2056.0,0,0,0,0,-99.27843026971694,30.266102010978727,
DFO_2059_From_20020920_to_20020930,20,1,2059.0,0,0,0,0,105.15229328704001,15.558141471371103,
DFO_2060_From_20020921_to_20021008,20,1,2060.0,0,0,0,0,21.120342188929815,41.37702580578909,
DFO_2061_From_20020917_to_20021202,20,1,2061.0,0,0,0,0,102.21929618548845,10.44293701359391,
DFO_2063_From_20020926_to_20020929,20,1,2063.0,0,0,0,0,-90.88480307919562,31.13925925461088,
DFO_2064_From_20020929_to_20021007,20,1,2064.0,0,0,0,0,-82.68361567087017,24.468593096897482,
DFO_2066_From_20021010_to_20021012,20,1,2066.0,0,0,0,0,-91.25870548853355,34.37982045238078,
DFO_2070_From_20021012_to_20021102,20,1,2070.0,0,0,0,0,-57.98193365006513,-25.7668136565714,
DFO_2073_From_20021012_to_20021111,20,1,2073.0,0,0,0,0,-57.981570079388256,-24.715713889834806,
DFO_2075_From_20021024_to_20021028,20,1,2075.0,0,2,0,2,-148.45193703364924,60.68271712152625,
DFO_2076_From_20021023_to_20021113,20,1,2076.0,2,0,0,2,-101.58937717740409,31.543950512376778,
DFO_2077_From_20021026_to_20021029,20,1,2077.0,0,1,0,1,106.26508353333861,15.551635839798266,
DFO_2079_From_20021028_to_20021102,20,1,2079.0,0,0,0,0,108.4873935342022,24.200038842614934,
DFO_2090_From_20021119_to_20021121,20,1,2090.0,0,0,0,0,170.4104992616503,-43.61963983892925,
DFO_2097_From_20021124_to_20021129,20,1,2097.0,0,0,0,0,-6.086086332126925,33.55674305619335,
DFO_2099_From_20021122_to_20021203,20,1,2099.0,0,2,0,2,17.802614746310397,41.778012294447514,
DFO_2103_From_20021213_to_20021214,20,1,2103.0,0,1,0,1,1.403945218400345,41.96647776151103,
DFO_2104_From_20021214_to_20021224,20,1,2104.0,1,0,0,1,-120.94239952492389,40.373467190094956,
DFO_2106_From_20021215_to_20021220,20,1,2106.0,0,0,0,0,99.83876067769974,-0.017924004667096694,
DFO_2115_From_20030101_to_20030106,20,1,2115.0,0,0,0,0,-92.22480789585433,33.47129460783576,
DFO_2116_From_20030101_to_20030106,20,1,2116.0,0,0,0,0,-2.892580082228686,54.48684297079539,
DFO_2117_From_20030101_to_20030108,20,1,2117.0,0,2,0,2,9.241669597086766,45.012624567614,
DFO_2119_From_20030101_to_20030217,20,1,2119.0,0,2,0,2,34.44027448152306,-16.32269844294832,
DFO_2120_From_20030103_to_20030108,20,1,2120.0,0,0,0,0,-65.4501287792295,-11.779090633620221,
DFO_2130_From_20030113_to_20030131,20,1,2130.0,0,0,0,0,-61.56619019042633,-29.243429993022183,
DFO_2134_From_20030120_to_20030210,20,1,2134.0,0,0,0,0,101.03351999892213,8.763363149180206,
DFO_2136_From_20030122_to_20030123,20,1,2136.0,0,0,0,0,-2.892580082228686,54.48684297079539,
DFO_2137_From_20030122_to_20030306,20,1,2137.0,0,0,0,0,137.53297625872813,-15.877390491874882,
DFO_2138_From_20030123_to_20030210,20,1,2138.0,0,0,0,0,-65.4501287792295,-11.779090633620221,
DFO_2140_From_20030125_to_20030127,20,1,2140.0,0,0,0,0,12.537319104729157,42.443633932257185,
DFO_2143_From_20030126_to_20030204,20,1,2143.0,0,0,0,0,120.41301056336837,-23.49830031889001,
DFO_2145_From_20030128_to_20030210,20,1,2145.0,0,0,0,0,-69.05014661241424,-12.15358015706409,
DFO_2148_From_20030130_to_20030209,20,1,2148.0,0,0,0,0,110.50400891281373,-7.290344148117991,
DFO_2152_From_20030205_to_20030212,20,1,2152.0,0,0,0,0,149.50436694985197,-23.273705277307457,
DFO_2154_From_20030211_to_20030214,20,1,2154.0,0,0,0,0,144.11974077955622,-25.5891751721477,
DFO_2158_From_20030216_to_20030217,20,1,2158.0,0,0,0,0,110.50400891281373,-7.290344148117991,
DFO_2160_From_20030216_to_20030222,20,1,2160.0,0,0,0,0,66.58733719663992,28.463134496285896,
DFO_2162_From_20030206_to_20030220,20,1,2162.0,0,0,0,0,19.72472807426149,-9.20735611311163,
DFO_2167_From_20030222_to_20030317,20,1,2167.0,0,2,0,2,-91.03005529833194,33.523798405420436,
DFO_2169_From_20030205_to_20030213,20,1,2169.0,0,0,0,0,-0.4142307910368147,42.00938362742814,
DFO_2170_From_20030222_to_20030324,20,1,2170.0,0,0,0,0,138.92314101480602,-22.683702331379365,
DFO_2172_From_20030127_to_20030207,20,1,2172.0,0,0,0,0,21.120342188929815,41.37702580578909,
DFO_2173_From_20030111_to_20030422,20,1,2173.0,0,0,0,0,-50.719991333132064,-9.716661817035085,
DFO_2174_From_20030117_to_20030303,20,1,2174.0,0,0,0,0,21.45543238535464,41.38561730477436,
DFO_2175_From_20030204_to_20030312,20,1,2175.0,0,0,0,0,32.05760839333071,34.96255438451016,
DFO_2176_From_20030302_to_20030311,20,1,2176.0,0,1,0,1,125.49565791660052,-17.621841351764264,
DFO_2177_From_20030226_to_20030307,20,1,2177.0,0,1,0,1,-86.03357711996686,38.10598392948806,
DFO_2178_From_20030305_to_20030316,20,1,2178.0,0,0,0,0,32.429168660108225,-21.345650257878766,
DFO_2179_From_20030227_to_20030310,20,1,2179.0,0,0,0,0,1.403945218400345,41.96647776151103,
DFO_2180_From_20030307_to_20030317,20,1,2180.0,0,3,0,3,134.95856488163548,-16.025144211769625,
DFO_2181_From_20030311_to_20030315,20,1,2181.0,0,0,0,0,28.248647091448376,-15.982324134472384,
DFO_2182_From_20030317_to_20030321,20,1,2182.0,0,0,0,0,-101.8994924828051,45.09198160395455,
DFO_2183_From_20030319_to_20030331,20,1,2183.0,0,4,0,4,-82.41852569667621,33.252613811589676,
DFO_2187_From_20030322_to_20030404,20,1,2187.0,0,0,0,0,31.10211559887733,49.10564088187176,
DFO_2191_From_20030325_to_20030411,20,1,2191.0,0,2,0,2,133.9622813999847,46.14986468008746,
DFO_2193_From_20030322_to_20030505,20,1,2193.0,0,0,0,0,27.399239413426457,51.32998962294715,
DFO_2194_From_20030326_to_20030328,20,1,2194.0,0,0,0,0,32.806463458247876,-21.342948828262795,
DFO_2198_From_20030331_to_20030403,20,1,2198.0,0,0,0,0,-65.41719383429029,46.329063436828115,
DFO_2206_From_20030416_to_20030604,20,1,2206.0,0,1,0,1,45.90047177407966,40.229151680972045,
DFO_2208_From_20030416_to_20030528,20,1,2208.0,0,0,0,0,75.80626886252914,56.93816455560014,
DFO_2209_From_20030415_to_20030518,20,1,2209.0,0,0,0,0,34.70211902823818,52.559868613128266,
DFO_2214_From_20030423_to_20030513,20,1,2214.0,0,5,0,5,79.07348902747226,56.13000149299868,
DFO_2216_From_20030428_to_20030510,20,1,2216.0,0,4,0,4,-59.14853295310836,-29.492634530065065,
DFO_2220_From_20030414_to_20030504,20,1,2220.0,0,0,0,0,144.47839184027373,-6.210634711835436,
DFO_2221_From_20030501_to_20030516,20,1,2221.0,0,0,0,0,52.32427341139777,60.08260729964561,
DFO_2222_From_20030503_to_20030506,20,1,2222.0,0,0,0,0,102.68978880152639,-1.2080937204835231,
DFO_2224_From_20030504_to_20030520,20,1,2224.0,0,0,0,0,44.266734431263394,4.796530404241657,
DFO_2225_From_20030506_to_20030514,20,1,2225.0,0,0,0,0,-86.033471114101,33.27843174871264,
DFO_2238_From_20030527_to_20030620,20,1,2238.0,0,0,0,0,122.3712870339275,63.785450257420315,
DFO_2248_From_20030611_to_20031010,20,1,2248.0,0,0,0,0,82.88652298705405,26.122098557816937,
DFO_2253_From_20030613_to_20030619,20,1,2253.0,0,0,0,0,-83.61067447183514,38.252310383804044,
DFO_2257_From_20030619_to_20030703,20,1,2257.0,0,0,0,0,92.76452767207077,20.41018789543215,
DFO_2261_From_20030623_to_20030728,20,1,2261.0,3,0,0,3,106.62297257847126,30.026197740125294,
DFO_2264_From_20030625_to_20030626,20,1,2264.0,0,0,0,0,121.89025046398336,12.064047356711951,
DFO_2269_From_20030701_to_20030807,20,1,2269.0,2,0,0,2,114.39815670349283,33.83950016194159,
DFO_2273_From_20030705_to_20030721,20,1,2273.0,0,0,0,0,-85.56364238347484,40.91442019941432,
DFO_2276_From_20030702_to_20030901,20,1,2276.0,0,0,0,0,94.73292509192643,22.137452979349113,
DFO_2279_From_20030715_to_20030901,20,1,2279.0,0,0,0,0,75.70912347371349,29.19383403817039,
DFO_2284_From_20030719_to_20030723,20,1,2284.0,0,0,0,0,121.89025046398336,12.064047356711951,
DFO_2296_From_20030727_to_20031010,20,1,2296.0,0,5,0,5,127.22284250430752,48.16331835865887,
DFO_2303_From_20030803_to_20031102,20,1,2303.0,0,2,0,2,15.595864507292738,13.126172128324999,
DFO_2311_From_20030805_to_20031012,20,1,2311.0,0,1,0,1,1.1542535405604974,15.77536918569909,
DFO_2330_From_20030824_to_20030827,20,1,2330.0,0,0,0,0,146.15589672614684,-41.59661501188001,
DFO_2332_From_20030824_to_20031112,20,1,2332.0,3,0,0,3,106.62694171914052,33.22403358655382,
DFO_2336_From_20030827_to_20030829,20,1,2336.0,0,0,0,0,44.94609519217626,45.97211194176827,
DFO_2337_From_20030826_to_20030830,20,1,2337.0,0,0,0,0,101.84240983025684,30.245977434164775,
DFO_2338_From_20030827_to_20031020,20,1,2338.0,0,0,0,0,85.81621158201825,20.77434523070911,
DFO_2342_From_20030901_to_20030909,20,1,2342.0,2,0,0,2,-83.61067447183514,38.252310383804044,
DFO_2345_From_20030905_to_20031028,20,1,2345.0,0,3,0,3,9.121174201435744,11.958452399505601,
DFO_2347_From_20030912_to_20031012,20,1,2347.0,0,0,0,0,99.10100704465981,20.892211846962883,
DFO_2348_From_20030912_to_20030915,20,1,2348.0,0,0,0,0,127.82352737892754,37.18019896756526,
DFO_2356_From_20030922_to_20031001,20,1,2356.0,0,0,0,0,-110.64064905880623,26.924653838461314,
DFO_2359_From_20030922_to_20030923,20,1,2359.0,0,0,0,0,1.403945218400345,41.96647776151103,
DFO_2361_From_20030922_to_20031010,20,1,2361.0,0,0,0,0,11.306463996831692,9.632291006322337,
DFO_2366_From_20031012_to_20031024,20,1,2366.0,3,0,0,3,-102.23154718205042,30.185160414114094,
DFO_2368_From_20031015_to_20031022,20,1,2368.0,0,0,0,0,106.26508353333861,15.551635839798266,
DFO_2370_From_20031017_to_20031104,20,1,2370.0,0,0,0,0,102.21929618548845,10.44293701359391,
DFO_2372_From_20031027_to_20031031,20,1,2372.0,0,0,0,0,-52.133713894529514,-28.261709473572306,
DFO_2380_From_20031110_to_20031126,20,1,2380.0,0,0,0,0,-68.10073571779908,17.67775167487643,
DFO_2381_From_20031111_to_20031113,20,1,2381.0,0,0,0,0,-62.685630921137836,-30.93949159377608,
DFO_2386_From_20031101_to_20040118,20,1,2386.0,0,0,0,0,-4.790266258531155,37.40094292674388,
DFO_2395_From_20031201_to_20031210,20,1,2395.0,0,1,0,1,1.40333868569137,42.821605726961906,
DFO_2403_From_20031210_to_20040123,20,1,2403.0,0,0,0,0,113.61505037867924,-0.9803471424625828,
DFO_2407_From_20031219_to_20040107,20,1,2407.0,0,0,0,0,121.89025046398336,12.064047356711951,
DFO_2412_From_20040104_to_20040116,20,1,2412.0,0,0,0,0,-83.99783100645561,39.58249942338773,
DFO_2415_From_20040110_to_20040119,20,1,2415.0,0,0,0,0,50.90745863937889,28.794864350016233,
DFO_2417_From_20040114_to_20040225,20,1,2417.0,0,4,0,4,143.46662489320454,-21.78744414287607,
DFO_2423_From_20040125_to_20040206,20,1,2423.0,0,0,0,0,31.66336847355492,-25.219637638039693,
DFO_2424_From_20040129_to_20040205,20,1,2424.0,0,0,0,0,146.15589672614684,-41.59661501188001,
DFO_2425_From_20040127_to_20040301,20,1,2425.0,0,0,0,0,16.08099539776621,-13.84878525555117,
DFO_2426_From_20040130_to_20040302,20,1,2426.0,0,0,0,0,68.23604190542667,43.60500613997292,
DFO_2428_From_20040203_to_20040207,20,1,2428.0,0,0,0,0,-2.892580082228686,54.48684297079539,
DFO_2430_From_20040201_to_20040602,20,1,2430.0,0,1,0,1,23.073166295099014,-11.227882156159438,
DFO_2431_From_20040108_to_20040220,20,1,2431.0,0,0,0,0,46.97401699812138,-18.624083991258004,
DFO_2432_From_20040116_to_20040225,20,1,2432.0,0,0,0,0,44.575542349798006,31.770598129232564,
DFO_2433_From_20040124_to_20040214,20,1,2433.0,0,0,0,0,32.05760839333071,34.96255438451016,
DFO_2434_From_20040211_to_20040225,20,1,2434.0,0,0,0,0,121.89025046398336,12.064047356711951,
DFO_2437_From_20040217_to_20040225,20,1,2437.0,0,0,0,0,110.50400891281373,-7.290344148117991,
DFO_2440_From_20040211_to_20040505,20,1,2440.0,0,0,0,0,-50.719991333132064,-9.716661817035085,
DFO_2441_From_20040218_to_20040310,20,1,2441.0,0,0,0,0,132.08372200954642,-16.079204003887952,
DFO_2442_From_20040220_to_20040307,20,1,2442.0,0,0,0,0,126.04602588461289,-16.67549300083388,
DFO_2443_From_20040223_to_20040401,20,1,2443.0,0,2,0,2,-65.4501287792295,-11.779090633620221,
DFO_2444_From_20040301_to_20040309,20,1,2444.0,0,2,0,2,117.87693656120793,-22.194909689469554,
DFO_2448_From_20040305_to_20040319,20,1,2448.0,0,0,0,0,32.806463458247876,-21.342948828262795,
DFO_2455_From_20040304_to_20040308,20,1,2455.0,0,3,0,3,-101.11311113910031,42.05512868026542,
DFO_2458_From_20040319_to_20040327,20,1,2458.0,0,1,0,1,143.2228973254697,-14.921266221575651,
DFO_2460_From_20040323_to_20040403,20,1,2460.0,0,0,0,0,16.945617389309955,46.36634066288777,
DFO_2461_From_20040327_to_20040403,20,1,2461.0,2,0,0,2,121.04381530416947,-21.66590269668718,
DFO_2462_From_20040328_to_20040411,20,1,2462.0,0,0,0,0,-98.3908031904023,49.485364657889505,
DFO_2463_From_20040330_to_20040505,20,1,2463.0,2,0,0,2,32.316809204194094,54.93660044767474,
DFO_2469_From_20040412_to_20040502,20,1,2469.0,0,0,0,0,18.375714390904946,46.21931458997631,
DFO_2471_From_20040414_to_20040516,20,1,2471.0,0,0,0,0,83.74133240736857,54.33887296808885,
DFO_2473_From_20040414_to_20040503,20,1,2473.0,0,0,0,0,93.41032139131443,22.49989260468901,
DFO_2476_From_20040424_to_20040502,20,1,2476.0,2,0,0,2,-101.11373207906284,40.56039620128613,
DFO_2480_From_20040507_to_20040511,20,1,2480.0,0,0,0,0,119.15038402180086,0.43270511420796764,
DFO_2482_From_20040513_to_20040515,20,1,2482.0,0,0,0,0,-99.206627542192,31.77996562956851,
DFO_2491_From_20040603_to_20041011,20,1,2491.0,0,0,0,0,-120.54155951348609,38.540915750534246,
DFO_2495_From_20040608_to_20041001,20,1,2495.0,0,0,0,0,-67.81831630678653,7.131245446589534,
DFO_2498_From_20040610_to_20040621,20,1,2498.0,0,0,0,0,-90.59144068778583,43.18909240820671,
DFO_2507_From_20040620_to_20041007,20,1,2507.0,0,1,0,1,86.80739397487936,24.229637210655866,
DFO_2510_From_20040624_to_20040720,20,1,2510.0,0,0,0,0,-87.71260482542841,16.169995021394016,
DFO_2514_From_20040628_to_20040630,20,1,2514.0,0,0,0,0,121.89025046398336,12.064047356711951,
DFO_2515_From_20040628_to_20040630,20,1,2515.0,0,0,0,0,101.84240983025684,30.245977434164775,
DFO_2516_From_20040629_to_20040713,20,1,2516.0,0,0,0,0,123.46901766067298,22.655281888198505,
DFO_2519_From_20040705_to_20040811,20,1,2519.0,0,0,0,0,83.97056924402665,27.03192782996974,
DFO_2522_From_20040714_to_20040727,20,1,2522.0,0,1,0,1,108.48739551871216,23.537492536772863,
DFO_2527_From_20040717_to_20040730,20,1,2527.0,0,0,0,0,110.76342405111919,27.489065218202605,
DFO_2539_From_20040731_to_20040813,20,1,2539.0,0,0,0,0,121.89025046398336,12.064047356711951,
DFO_2543_From_20040806_to_20041003,20,1,2543.0,0,3,0,3,99.10100704465981,20.892211846962883,
DFO_2554_From_20040824_to_20040912,20,1,2554.0,0,0,0,0,121.89015513158073,15.28846032477614,
DFO_2555_From_20040824_to_20041021,20,1,2555.0,0,0,0,0,103.77348249345629,15.077585956096483,
DFO_2565_From_20040915_to_20040919,20,1,2565.0,0,0,0,0,-91.62924418735663,43.16991860380763,
DFO_2566_From_20040915_to_20041001,20,1,2566.0,0,0,0,0,-73.0975876196851,25.076234805011,
DFO_2570_From_20041007_to_20041018,20,1,2570.0,4,0,0,4,83.96989516836256,25.92024105418647,
DFO_2576_From_20041007_to_20041104,20,1,2576.0,0,0,0,0,3.635931279830107,7.236407891799458,
DFO_2584_From_20041115_to_20041129,20,1,2584.0,0,4,0,4,-99.20662223878776,30.266521121046875,
DFO_2586_From_20041107_to_20041215,20,1,2586.0,4,0,0,4,-57.981812607878105,-23.411702745167744,
DFO_2587_From_20041119_to_20041129,20,1,2587.0,0,0,0,0,121.89025046398336,12.064047356711951,
DFO_2588_From_20041120_to_20041127,20,1,2588.0,0,0,0,0,-67.710208707967,9.871367402712465,
DFO_2589_From_20041123_to_20041128,20,1,2589.0,0,0,0,0,121.89025046398336,12.064047356711951,
DFO_2592_From_20041129_to_20041222,20,1,2592.0,0,0,0,0,121.89025046398336,12.064047356711951,
DFO_2596_From_20041206_to_20041210,20,1,2596.0,1,0,0,1,-61.56623033294717,-27.99140758813199,
DFO_2597_From_20041207_to_20041220,20,1,2597.0,0,2,0,2,-92.22027050630453,35.788670842805644,
DFO_2598_From_20041208_to_20041222,20,1,2598.0,0,0,0,0,149.19781687435676,-30.573053620686288,
DFO_2599_From_20041209_to_20050101,20,1,2599.0,0,2,0,2,57.22118039182568,29.631907390386115,
DFO_2600_From_20041210_to_20041218,20,1,2600.0,0,0,0,0,101.03351999892213,8.763363149180206,
DFO_2601_From_20041211_to_20041223,20,1,2601.0,0,0,0,0,80.76528139983597,7.8747438687728355,
DFO_2606_From_20050105_to_20050201,20,1,2606.0,0,1,0,1,-93.8475322811447,40.91756634812559,
DFO_2612_From_20050111_to_20050210,20,1,2612.0,0,0,0,0,104.08554618802103,-3.5894549650231444,
DFO_2613_From_20050115_to_20050225,20,1,2613.0,0,0,0,0,-57.955933416094915,5.24958128651405,
DFO_2620_From_20050127_to_20050328,20,1,2620.0,0,0,0,0,18.628847694642584,-9.63895252400345,
DFO_2625_From_20050211_to_20050226,20,1,2625.0,0,0,0,0,-68.76159838496406,7.013402530141343,
DFO_2626_From_20050217_to_20050324,20,1,2626.0,0,0,0,0,21.120342188929815,41.37702580578909,
DFO_2627_From_20050219_to_20050225,20,1,2627.0,0,0,0,0,110.50400891281373,-7.290344148117991,
DFO_2629_From_20050224_to_20050323,20,1,2629.0,0,2,0,2,69.2576431214435,44.400491834099626,
DFO_2632_From_20050305_to_20050405,20,1,2632.0,0,0,0,0,62.21778335428603,35.88898107897651,
DFO_2633_From_20050302_to_20050315,20,1,2633.0,0,0,0,0,47.73647427189297,-18.61968569308289,
DFO_2634_From_20050306_to_20050309,20,1,2634.0,0,0,0,0,3.634885299267328,22.537304494510664,
DFO_2637_From_20050313_to_20050325,20,1,2637.0,0,0,0,0,44.575542349798006,31.770598129232564,
DFO_2638_From_20050301_to_20050401,20,1,2638.0,0,0,0,0,29.925147541563806,-9.498298942465864,
DFO_2640_From_20050317_to_20050408,20,1,2640.0,0,6,0,6,20.51656882344438,48.18085444301132,
DFO_2641_From_20050320_to_20050324,20,1,2641.0,0,0,0,0,69.85401750855706,29.94935252287451,
DFO_2648_From_20050418_to_20050604,20,1,2648.0,0,0,0,0,21.137653818307967,45.77632576608344,
DFO_2649_From_20050423_to_20050614,20,1,2649.0,0,0,0,0,44.62604734693139,7.522107426904068,
DFO_2650_From_20050425_to_20050530,20,1,2650.0,0,5,0,5,46.329697144406985,50.311379523295315,
DFO_2657_From_20050525_to_20050528,20,1,2657.0,0,0,0,0,92.0121883749919,24.2975268425161,
DFO_2668_From_20050610_to_20050612,20,1,2668.0,0,0,0,0,125.99082677607561,46.59481480281205,
DFO_2669_From_20050611_to_20050617,20,1,2669.0,0,0,0,0,120.70774763141124,23.594509442442057,
DFO_2675_From_20050621_to_20050805,20,1,2675.0,0,0,0,0,72.11683675636226,33.06731058908361,
DFO_2676_From_20050623_to_20050630,20,1,2676.0,0,0,0,0,83.97056924402665,27.03192782996974,
DFO_2680_From_20050628_to_20050715,20,1,2680.0,0,0,0,0,74.88233879719188,19.26567765736018,
DFO_2683_From_20050630_to_20050703,20,1,2683.0,0,0,0,0,152.6439788725751,-27.55108431520852,
DFO_2684_From_20050628_to_20050719,20,1,2684.0,0,0,0,0,101.84240983025684,30.245977434164775,
DFO_2686_From_20050702_to_20050715,20,1,2686.0,0,0,0,0,81.12463910351885,19.548634423950627,
DFO_2688_From_20050701_to_20050812,20,1,2688.0,2,0,0,2,125.85900334561069,46.745103711462704,
DFO_2689_From_20050705_to_20050814,20,1,2689.0,0,0,0,0,77.95311041237841,28.885586342486313,
DFO_2690_From_20050707_to_20050727,20,1,2690.0,0,0,0,0,86.11076459617126,23.935330715810323,
DFO_2692_From_20050712_to_20050728,20,1,2692.0,0,0,0,0,24.59358885311622,44.881253516711006,
DFO_2693_From_20050710_to_20050718,20,1,2693.0,0,0,0,0,112.98927374788215,32.16189184660252,
DFO_2694_From_20050716_to_20050720,20,1,2694.0,0,0,0,0,119.47368086648223,26.95046220457499,
DFO_2698_From_20050723_to_20050816,20,1,2698.0,0,0,0,0,79.61091680385907,16.258865808468148,
DFO_2699_From_20050727_to_20050730,20,1,2699.0,0,0,0,0,121.89025046398336,12.064047356711951,
DFO_2709_From_20050813_to_20050926,20,1,2709.0,0,0,0,0,99.10100704465981,20.892211846962883,
DFO_2711_From_20050813_to_20050820,20,1,2711.0,0,3,0,3,124.59683098636934,45.04039747380704,
DFO_2717_From_20050821_to_20050830,20,1,2717.0,0,0,0,0,-92.54977272052959,15.409960992745617,
DFO_2718_From_20050826_to_20050830,20,1,2718.0,0,0,0,0,81.56840518830815,26.977194318660974,
DFO_2719_From_20050829_to_20050919,20,1,2719.0,0,0,0,0,-88.87483378608061,32.03844169117327,
DFO_2720_From_20050830_to_20050903,20,1,2720.0,1,0,0,1,146.15589672614684,-41.59661501188001,
DFO_2721_From_20050807_to_20050916,20,1,2721.0,0,0,0,0,11.306408421722255,10.976328088079546,
DFO_2724_From_20050907_to_20050909,20,1,2724.0,0,0,0,0,1.403945218400345,41.96647776151103,
DFO_2725_From_20050908_to_20051101,20,1,2725.0,0,0,0,0,103.77348249345629,15.077585956096483,
DFO_2728_From_20050914_to_20050930,20,1,2728.0,0,0,0,0,81.84782664008276,16.418096304685534,
DFO_2730_From_20050915_to_20050927,20,1,2730.0,0,0,0,0,121.89025046398336,12.064047356711951,
DFO_2731_From_20050916_to_20051005,20,1,2731.0,0,0,0,0,78.87311180403242,28.83798612289431,
DFO_2732_From_20050918_to_20050924,20,1,2732.0,0,1,0,1,106.26508353333861,15.551635839798266,
DFO_2733_From_20050921_to_20051009,20,1,2733.0,0,0,0,0,24.594051357475703,44.651010381452686,
DFO_2734_From_20050922_to_20051011,20,1,2734.0,0,0,0,0,76.45899873221084,16.395752322145828,
DFO_2735_From_20050923_to_20051001,20,1,2735.0,0,0,0,0,-92.8206339803334,31.12437420298115,
DFO_2739_From_20050926_to_20050929,20,1,2739.0,0,0,0,0,11.30414762936933,13.022402502674364,
DFO_2747_From_20051003_to_20051022,20,1,2747.0,0,0,0,0,83.97056924402665,27.03192782996974,
DFO_2748_From_20051007_to_20051011,20,1,2748.0,0,0,0,0,106.26508353333861,15.551635839798266,
DFO_2753_From_20051019_to_20051025,20,1,2753.0,0,0,0,0,-80.5061017974066,22.760553885343636,
DFO_2754_From_20051021_to_20051028,20,1,2754.0,0,0,0,0,87.53958633510302,22.580832583880973,
DFO_2758_From_20051023_to_20051209,20,1,2758.0,0,0,0,0,78.17139613095014,12.286347593843553,
DFO_2760_From_20051102_to_20051104,20,1,2760.0,0,0,0,0,105.15229328704001,15.558141471371103,
DFO_2761_From_20050915_to_20051216,20,1,2761.0,0,1,0,1,-70.82901657126672,4.285618136082135,
DFO_2763_From_20051115_to_20051117,20,1,2763.0,0,0,0,0,1.403945218400345,41.96647776151103,
DFO_2768_From_20051123_to_20060112,20,1,2768.0,0,0,0,0,101.03351999892213,8.763363149180206,
DFO_2773_From_20051222_to_20060207,20,1,2773.0,0,0,0,0,35.0792435164912,-17.003790900967186,
DFO_2776_From_20051231_to_20060118,20,1,2776.0,2,0,0,2,-119.56574398673618,39.461371516167404,
DFO_2779_From_20060108_to_20060112,20,1,2779.0,0,0,0,0,110.50400891281373,-7.290344148117991,
DFO_2780_From_20060109_to_20060131,20,1,2780.0,0,1,0,1,119.54001612942609,-26.635579079148414,
DFO_2782_From_20060108_to_20060214,20,1,2782.0,0,0,0,0,-58.40396806329579,4.900645239682041,
DFO_2784_From_20060102_to_20060120,20,1,2784.0,0,0,0,0,21.120342188929815,41.37702580578909,
DFO_2785_From_20060126_to_20060205,20,1,2785.0,0,0,0,0,121.89025046398336,12.064047356711951,
DFO_2786_From_20060125_to_20060417,20,1,2786.0,0,0,0,0,-66.37660430446978,-12.192120197328432,
DFO_2789_From_20060126_to_20060214,20,1,2789.0,0,0,0,0,110.50400891281373,-7.290344148117991,
DFO_2795_From_20060203_to_20060219,20,1,2795.0,0,0,0,0,147.75377489717619,-7.403640273626939,
DFO_2797_From_20060204_to_20060212,20,1,2797.0,0,0,0,0,42.97647561268046,33.915510605101346,
DFO_2798_From_20060210_to_20060218,20,1,2798.0,0,0,0,0,101.03351999892213,8.763363149180206,
DFO_2802_From_20060216_to_20060506,20,1,2802.0,0,0,0,0,-75.54040443190503,-4.423627622233684,
DFO_2815_From_20060303_to_20060323,20,1,2815.0,0,0,0,0,116.18361789461377,-28.36507688285749,
DFO_2817_From_20060309_to_20060325,20,1,2817.0,0,0,0,0,21.120342188929815,41.37702580578909,
DFO_2818_From_20060312_to_20060322,20,1,2818.0,0,0,0,0,-83.61067447183514,38.252310383804044,
DFO_2821_From_20060320_to_20060417,20,1,2821.0,0,2,0,2,141.54412579339817,-21.32573569363254,
DFO_2823_From_20060322_to_20060602,20,1,2823.0,0,0,0,0,-70.43818340042844,-2.1792993228835082,
DFO_2825_From_20060326_to_20060330,20,1,2825.0,0,0,0,0,26.78096249609351,-28.066867773087274,
DFO_2826_From_20060328_to_20060417,20,1,2826.0,0,0,0,0,14.62701808532591,49.8799712515963,
DFO_2827_From_20060328_to_20060509,20,1,2827.0,0,0,0,0,16.945572148627235,49.68741321245567,
DFO_2828_From_20060330_to_20060405,20,1,2828.0,0,0,0,0,116.42731797021743,-26.71229569817598,
DFO_2829_From_20060330_to_20060425,20,1,2829.0,3,0,0,3,-98.3908031904023,49.485364657889505,
DFO_2832_From_20060404_to_20060511,20,1,2832.0,0,2,0,2,18.375714390904946,46.21931458997631,
DFO_2836_From_20060405_to_20060410,20,1,2836.0,0,0,0,0,133.16850350184293,-13.791188552343181,
DFO_2839_From_20060407_to_20060524,20,1,2839.0,0,0,0,0,26.005951054620084,45.53801746656255,
DFO_2841_From_20060411_to_20060509,20,1,2841.0,0,0,0,0,-98.3908031904023,49.485364657889505,
DFO_2842_From_20060325_to_20060423,20,1,2842.0,0,0,0,0,-51.35399981761728,-5.188693457657712,
DFO_2845_From_20060412_to_20060424,20,1,2845.0,0,0,0,0,-103.63677744296474,52.391718754752354,
DFO_2847_From_20060409_to_20060425,20,1,2847.0,0,0,0,0,44.62599896205017,9.761710000884472,
DFO_2848_From_20060419_to_20060423,20,1,2848.0,0,0,0,0,110.50400891281373,-7.290344148117991,
DFO_2851_From_20060421_to_20060531,20,1,2851.0,0,0,0,0,83.73925604523363,54.23330351906081,
DFO_2852_From_20060422_to_20060531,20,1,2852.0,0,0,0,0,-86.67535453566789,52.207833524581126,
DFO_2859_From_20060429_to_20060505,20,1,2859.0,0,0,0,0,94.73292509192643,22.137452979349113,
DFO_2862_From_20060511_to_20060514,20,1,2862.0,0,0,0,0,121.89025046398336,12.064047356711951,
DFO_2867_From_20060522_to_20060611,20,1,2867.0,0,0,0,0,100.4552459538217,20.87223588939929,
DFO_2873_From_20060524_to_20060531,20,1,2873.0,0,0,0,0,105.1795887483919,30.357583960961634,
DFO_2876_From_20060531_to_20060604,20,1,2876.0,0,0,0,0,75.57743701719782,19.27512561397601,
DFO_2879_From_20060531_to_20060724,20,1,2879.0,0,0,0,0,85.58070980961155,24.263975040740387,
DFO_2881_From_20060407_to_20060603,20,1,2881.0,0,0,0,0,-115.50657121625913,41.53421636247317,
DFO_2890_From_20060619_to_20060623,20,1,2890.0,0,0,0,0,122.83338614663222,-0.9724926034999823,
DFO_2894_From_20060624_to_20060803,20,1,2894.0,0,0,0,0,83.96989516836256,25.92024105418647,
DFO_2896_From_20060625_to_20060629,20,1,2896.0,0,0,0,0,115.82091248958652,-2.5317919542842406,
DFO_2900_From_20060628_to_20060708,20,1,2900.0,0,0,0,0,101.84240983025684,30.245977434164775,
DFO_2911_From_20060704_to_20060707,20,1,2911.0,0,0,0,0,74.88233879719188,19.26567765736018,
DFO_2916_From_20060709_to_20060713,20,1,2916.0,0,0,0,0,70.51665288844995,31.583841242057,
DFO_2919_From_20060711_to_20060713,20,1,2919.0,0,0,0,0,125.99082677607561,46.59481480281205,
DFO_2921_From_20060711_to_20060719,20,1,2921.0,3,0,0,3,113.3480606595331,18.650106572663407,
DFO_2923_From_20060712_to_20060714,20,1,2923.0,0,0,0,0,103.40378710768695,53.03809382579064,
DFO_2924_From_20060714_to_20060717,20,1,2924.0,0,0,0,0,107.70245471090128,38.558066356597884,
DFO_2931_From_20060724_to_20060822,20,1,2931.0,0,0,0,0,74.96682747771538,33.09732684260991,
DFO_2935_From_20060728_to_20060912,20,1,2935.0,0,0,0,0,78.87347295368463,19.591057093692342,
DFO_2940_From_20060801_to_20060910,20,1,2940.0,0,2,0,2,82.26871426891692,18.982847809557633,
DFO_2947_From_20060803_to_20061011,20,1,2947.0,0,5,0,5,5.581469512220083,15.359565850497471,
DFO_2948_From_20060812_to_20060902,20,1,2948.0,0,2,0,2,105.15229328704001,15.558141471371103,
DFO_2949_From_20060810_to_20061101,20,1,2949.0,0,0,0,0,103.77348249345629,15.077585956096483,
DFO_2963_From_20060916_to_20060918,20,1,2963.0,0,0,0,0,-106.44362378083613,23.914143433735617,
DFO_3055_From_20070417_to_20070418,20,1,3055.0,0,2,0,2,68.76243351922744,34.08848191802761,
DFO_3058_From_20070419_to_20070421,20,1,3058.0,0,0,0,0,99.58498637782304,40.45102462002868,
DFO_3061_From_20070423_to_20070504,20,1,3061.0,0,0,0,0,69.39589865146698,36.493478090701004,
DFO_3065_From_20070501_to_20070525,20,1,3065.0,0,0,0,0,113.02041441885642,-1.1678040149942985,
DFO_3067_From_20070502_to_20070507,20,1,3067.0,0,0,0,0,80.76528139983597,7.8747438687728355,
DFO_3068_From_20070504_to_20070509,20,1,3068.0,0,0,0,0,95.68855963202012,24.052014151413353,
DFO_3070_From_20070506_to_20070518,20,1,3070.0,0,6,0,6,-99.91949443135991,41.868885927458074,
DFO_3071_From_20070504_to_20070525,20,1,3071.0,0,0,0,0,-54.29988837082967,-30.57755360456692,
DFO_3073_From_20070511_to_20070521,20,1,3073.0,0,0,0,0,102.56408558204666,14.714468477719745,
DFO_3075_From_20070513_to_20070613,20,1,3075.0,3,2,0,5,122.3712870339275,63.785450257420315,
DFO_3076_From_20070511_to_20070613,20,1,3076.0,1,2,0,3,81.43989801134339,54.23646426097655,
DFO_3078_From_20070515_to_20070614,20,1,3078.0,0,0,0,0,39.1227534970025,-3.7101641466295465,
DFO_3079_From_20070520_to_20070521,20,1,3079.0,0,0,0,0,101.84240983025684,30.245977434164775,
DFO_3080_From_20070519_to_20070627,20,1,3080.0,0,0,0,0,-74.61631329792858,6.3126227281399165,
DFO_3081_From_20070515_to_20070605,20,1,3081.0,0,0,0,0,115.32908484281609,1.4905402718220078,
DFO_3083_From_20070524_to_20070529,20,1,3083.0,0,0,0,0,-102.0246088947461,37.77803340047791,
DFO_3084_From_20070524_to_20070526,20,1,3084.0,0,0,0,0,101.84240983025684,30.245977434164775,
DFO_3085_From_20070522_to_20070606,20,1,3085.0,0,0,0,0,21.120309170721924,41.523287222121475,
DFO_3089_From_20070530_to_20070603,20,1,3089.0,0,0,0,0,-71.67657690418102,18.82230514443148,
DFO_3092_From_20070606_to_20070614,20,1,3092.0,0,0,0,0,-122.61584924159295,53.90754957113434,
DFO_3094_From_20070606_to_20070817,20,1,3094.0,5,0,0,5,106.62572056389152,29.327606965167753,
DFO_3095_From_20070608_to_20070613,20,1,3095.0,0,0,0,0,146.1270066542187,-34.26825761118038,
DFO_3097_From_20070611_to_20070624,20,1,3097.0,0,0,0,0,89.3901685993398,22.75598586028197,
DFO_3098_From_20070607_to_20070616,20,1,3098.0,0,0,0,0,19.168925474214458,-31.649723622145764,
DFO_3099_From_20070615_to_20070621,20,1,3099.0,0,0,0,0,-2.892580082228686,54.48684297079539,
DFO_3100_From_20070615_to_20070618,20,1,3100.0,0,0,0,0,81.56840518830815,26.977194318660974,
DFO_3101_From_20070616_to_20070620,20,1,3101.0,0,0,0,0,72.16706417807643,35.36581002534386,
DFO_3103_From_20070616_to_20070620,20,1,3103.0,0,0,0,0,122.83338614663222,-0.9724926034999823,
DFO_3104_From_20070618_to_20070626,20,1,3104.0,0,0,0,0,89.89564772781344,27.080959305699153,
DFO_3107_From_20070622_to_20070704,20,1,3107.0,0,0,0,0,79.61091680385907,16.258865808468148,
DFO_3109_From_20070624_to_20070703,20,1,3109.0,0,0,0,0,68.33948546062337,34.19114890935353,
DFO_3110_From_20070625_to_20070703,20,1,3110.0,0,0,0,0,-2.892580082228686,54.48684297079539,
DFO_3112_From_20070626_to_20070720,20,1,3112.0,0,0,0,0,66.58688586289878,27.154771412232776,
DFO_3113_From_20070626_to_20070723,20,1,3113.0,0,0,0,0,-101.11243032262978,37.21904060020939,
DFO_3114_From_20070627_to_20070704,20,1,3114.0,0,0,0,0,146.1270066542187,-34.26825761118038,
DFO_3115_From_20070627_to_20070629,20,1,3115.0,0,0,0,0,52.86797921326558,33.05947115587209,
DFO_3116_From_20070628_to_20070722,20,1,3116.0,0,1,0,1,72.11683675636226,33.06731058908361,
DFO_3118_From_20070630_to_20070713,20,1,3118.0,0,0,0,0,81.84782664008276,16.418096304685534,
DFO_3119_From_20070701_to_20070706,20,1,3119.0,0,0,0,0,77.82895671009821,16.240968234618727,
DFO_3120_From_20070701_to_20070713,20,1,3120.0,0,0,0,0,78.87347295368463,19.591057093692342,
DFO_3122_From_20070703_to_20070922,20,1,3122.0,0,0,0,0,83.96989516836256,25.92024105418647,
DFO_3123_From_20070703_to_20071008,20,1,3123.0,0,3,0,3,31.252198932884987,13.321619997068828,
DFO_3125_From_20070706_to_20070801,20,1,3125.0,0,0,0,0,95.43032274390488,24.05450089054189,
DFO_3127_From_20070710_to_20070713,20,1,3127.0,0,0,0,0,175.59369363019098,-37.956707527087275,
DFO_3128_From_20070712_to_20071010,20,1,3128.0,0,0,0,0,85.57803800366102,27.07743547737659,
DFO_3132_From_20070714_to_20070803,20,1,3132.0,0,3,0,3,83.43369747544749,45.93504113911673,
DFO_3134_From_20070718_to_20070813,20,1,3134.0,0,0,0,0,102.63249004320205,25.862610368030452,
DFO_3136_From_20070721_to_20071015,20,1,3136.0,0,0,0,0,84.1419774012404,24.226230651385706,
DFO_3137_From_20070721_to_20070730,20,1,3137.0,1,0,0,1,-2.892580082228686,54.48684297079539,
DFO_3141_From_20070725_to_20070802,20,1,3141.0,0,0,0,0,122.83338614663222,-0.9724926034999823,
DFO_3143_From_20070723_to_20071002,20,1,3143.0,0,0,0,0,81.56840518830815,26.977194318660974,
DFO_3144_From_20070727_to_20070802,20,1,3144.0,0,0,0,0,19.168925474214458,-31.649723622145764,
DFO_3145_From_20070728_to_20070801,20,1,3145.0,0,0,0,0,-4.374795430814744,11.851609534750118,
DFO_3146_From_20070729_to_20071005,20,1,3146.0,0,2,0,2,40.35224922901729,14.822957774344005,
DFO_3149_From_20070803_to_20070817,20,1,3149.0,0,0,0,0,105.15229328704001,15.558141471371103,
DFO_3150_From_20070803_to_20070827,20,1,3150.0,0,0,0,0,85.81621158201825,20.77434523070911,
DFO_3151_From_20070804_to_20071021,20,1,3151.0,0,0,0,0,8.225199314321879,9.865741262178215,
DFO_3153_From_20070807_to_20070905,20,1,3153.0,0,0,0,0,-11.166058982741355,16.45623904127989,
DFO_3160_From_20070808_to_20070815,20,1,3160.0,0,0,0,0,74.88233879719188,19.26567765736018,
DFO_3161_From_20070809_to_20070812,20,1,3161.0,0,0,0,0,116.21717859312977,34.641883009955805,
DFO_3162_From_20070810_to_20070813,20,1,3162.0,0,2,0,2,71.65220289621162,26.832408297227563,
DFO_3164_From_20070812_to_20070817,20,1,3164.0,0,0,0,0,78.87282273825925,29.075620438150082,
DFO_3165_From_20070812_to_20070814,20,1,3165.0,0,0,0,0,74.47931983109142,35.44925256690267,
DFO_3166_From_20070726_to_20071010,20,1,3166.0,0,6,0,6,1.846020247895492,14.103025730692995,
DFO_3167_From_20070809_to_20070815,20,1,3167.0,0,0,0,0,11.86225332973589,8.945710974092348,
DFO_3168_From_20070810_to_20070824,20,1,3168.0,0,0,0,0,105.02540838174437,14.564260036412717,
DFO_3169_From_20070814_to_20071004,20,1,3169.0,0,0,0,0,95.43032274390488,24.05450089054189,
DFO_3170_From_20070815_to_20071031,20,1,3170.0,0,0,0,0,33.71264972162249,2.760321689848302,
DFO_3171_From_20070816_to_20070827,20,1,3171.0,1,0,0,1,-93.85266755814695,38.15742344930832,
DFO_3179_From_20070825_to_20071001,20,1,3179.0,0,3,0,3,20.394086862339606,13.106961030873586,
DFO_3180_From_20070831_to_20070920,20,1,3180.0,0,0,0,0,-12.651650790539536,19.180749697732413,
DFO_3183_From_20070901_to_20071004,20,1,3183.0,0,0,0,0,46.23516477429914,4.792049136211298,
DFO_3184_From_20070904_to_20070912,20,1,3184.0,0,0,0,0,-92.33787423873483,18.37793192324441,
DFO_3188_From_20070905_to_20071110,20,1,3188.0,0,0,0,0,99.10101341337781,17.08850924392644,
DFO_3191_From_20070916_to_20071007,20,1,3191.0,0,0,0,0,78.24997796390072,16.89899725179693,
DFO_3193_From_20070918_to_20070920,20,1,3193.0,0,0,0,0,20.591824674006297,42.025939923936825,
DFO_3195_From_20070922_to_20071008,20,1,3195.0,0,0,0,0,85.81621158201825,20.77434523070911,
DFO_3197_From_20070921_to_20070924,20,1,3197.0,0,0,0,0,3.5669620123910772,35.020832417327405,
DFO_3198_From_20070924_to_20071002,20,1,3198.0,0,3,0,3,-52.133713894529514,-28.261709473572306,
DFO_3199_From_20070928_to_20071001,20,1,3199.0,0,0,0,0,-99.50412664261836,21.519927203842002,
DFO_3205_From_20071012_to_20071026,20,1,3205.0,0,1,0,1,-90.695603337975,13.559171186104198,
DFO_3208_From_20071017_to_20071024,20,1,3208.0,0,0,0,0,94.27487530110187,22.491097611000974,
DFO_3210_From_20071020_to_20071116,20,1,3210.0,0,0,0,0,103.77348249345629,15.077585956096483,
DFO_3212_From_20071001_to_20071210,20,1,3212.0,0,0,0,0,-70.82901657126672,4.285618136082135,
DFO_3214_From_20071025_to_20071031,20,1,3214.0,0,0,0,0,14.514529202011072,-5.383922622573956,
DFO_3216_From_20071027_to_20071102,20,1,3216.0,0,0,0,0,121.89025046398336,12.064047356711951,
DFO_3217_From_20071027_to_20071101,20,1,3217.0,0,0,0,0,77.14844729593179,13.748363978366424,
DFO_3218_From_20071028_to_20071110,20,1,3218.0,0,2,0,2,-76.63746946902523,21.373319003192776,
DFO_3219_From_20071028_to_20071109,20,1,3219.0,0,0,0,0,105.15229328704001,15.558141471371103,
DFO_3220_From_20071028_to_20071201,20,1,3220.0,0,0,0,0,-89.24443564347713,16.184068536736152,
DFO_3221_From_20071030_to_20071102,20,1,3221.0,0,0,0,0,3.565191990075567,33.816037723304895,
DFO_3226_From_20071115_to_20071201,20,1,3226.0,0,0,0,0,89.39020392493202,21.371499573112192,
DFO_3235_From_20071121_to_20071216,20,1,3235.0,0,0,0,0,39.1227534970025,-3.7101641466295465,
DFO_3237_From_20071201_to_20071217,20,1,3237.0,0,0,0,0,144.84779982903157,-25.600610954950053,
DFO_3239_From_20071211_to_20071217,20,1,3239.0,0,0,0,0,-71.67657690418102,18.82230514443148,
DFO_3242_From_20071211_to_20080103,20,1,3242.0,0,0,0,0,34.440285809187635,-17.01005560774083,
DFO_3243_From_20071216_to_20080101,20,1,3243.0,0,0,0,0,80.76528139983597,7.8747438687728355,
DFO_3246_From_20071215_to_20071228,20,1,3246.0,0,0,0,0,-62.776657170574076,-15.287527465994312,
DFO_3247_From_20071222_to_20071231,20,1,3247.0,0,0,0,0,146.12701769078234,-31.89369678282497,
DFO_3249_From_20071225_to_20080103,20,1,3249.0,0,0,0,0,110.50400891281373,-7.290344148117991,
DFO_3251_From_20080102_to_20080106,20,1,3251.0,0,0,0,0,110.50400891281373,-7.290344148117991,
DFO_3252_From_20080103_to_20080109,20,1,3252.0,0,0,0,0,146.26048389164694,-31.802325475870745,
DFO_3254_From_20080107_to_20080116,20,1,3254.0,0,0,0,0,80.76528139983597,7.8747438687728355,
DFO_3256_From_20080112_to_20080126,20,1,3256.0,0,0,0,0,-47.94179500050975,-25.103504286007894,
DFO_3257_From_20080114_to_20080201,20,1,3257.0,0,3,0,3,142.7389684644248,-21.344232145899117,
DFO_3259_From_20080115_to_20080126,20,1,3259.0,0,0,0,0,-2.892580082228686,54.48684297079539,
DFO_3263_From_20080130_to_20080501,20,1,3263.0,0,0,0,0,-70.56137669856435,-4.442827078943276,
DFO_3267_From_20080204_to_20080507,20,1,3267.0,3,0,0,3,-69.91112248946466,-12.165159408549586,
DFO_3268_From_20080206_to_20080212,20,1,3268.0,0,0,0,0,-85.56364238347484,40.91442019941432,
DFO_3270_From_20080213_to_20080226,20,1,3270.0,0,0,0,0,149.50436694985197,-23.273705277307457,
DFO_3271_From_20080214_to_20080314,20,1,3271.0,0,0,0,0,110.50400891281373,-7.290344148117991,
DFO_3272_From_20080209_to_20080501,20,1,3272.0,0,0,0,0,24.220790820186927,-11.398726228327906,
DFO_3273_From_20080212_to_20080312,20,1,3273.0,0,0,0,0,121.89025046398336,12.064047356711951,
DFO_3274_From_20080217_to_20080305,20,1,3274.0,0,1,0,1,46.97401699812138,-18.624083991258004,
DFO_3279_From_20080226_to_20080228,20,1,3279.0,0,0,0,0,-8.093855543775344,30.91872244537904,
DFO_3336_From_20080721_to_20080729,20,1,3336.0,1,0,0,1,-102.45849127799711,30.19089543695036,
DFO_3338_From_20080720_to_20080808,20,1,3338.0,0,0,0,0,85.57803800366102,27.07743547737659,
DFO_3339_From_20080728_to_20080729,20,1,3339.0,0,0,0,0,121.89015513158073,15.28846032477614,
DFO_3340_From_20080730_to_20080811,20,1,3340.0,1,0,0,1,-149.57028082720512,64.38318219588297,
DFO_3345_From_20080728_to_20080808,20,1,3345.0,3,0,0,3,106.62694171914052,33.22403358655382,
DFO_3348_From_20080802_to_20080808,20,1,3348.0,0,0,0,0,15.510543312901012,8.967144905958449,
DFO_3356_From_20080805_to_20080811,20,1,3356.0,0,0,0,0,80.03187106722858,16.91676071577541,
DFO_3359_From_20080809_to_20080820,20,1,3359.0,0,0,0,0,74.96693946028378,29.12438723356499,
DFO_3360_From_20080811_to_20080820,20,1,3360.0,0,0,0,0,101.31637266719422,20.88463657212552,
DFO_3365_From_20080818_to_20080924,20,1,3365.0,0,1,0,1,83.97056924402665,27.03192782996974,
DFO_3366_From_20080820_to_20080828,20,1,3366.0,2,0,0,2,-82.41482503330315,29.775438429790256,
DFO_3367_From_20080820_to_20080828,20,1,3367.0,0,0,0,0,32.853635801839424,9.584643227577573,
DFO_3368_From_20080720_to_20080825,20,1,3368.0,0,0,0,0,18.93538540934394,10.172436780713827,
DFO_3370_From_20080901_to_20080902,20,1,3370.0,0,0,0,0,-96.22179915997879,32.42334648413956,
DFO_3371_From_20080830_to_20080908,20,1,3371.0,0,0,0,0,83.97056924402665,27.03192782996974,
DFO_3372_From_20080830_to_20080908,20,1,3372.0,0,0,0,0,90.4239702169297,23.749347056856646,
DFO_3382_From_20080922_to_20080929,20,1,3382.0,3,0,0,3,81.84777291558474,19.56084455954666,
DFO_3383_From_20080922_to_20080929,20,1,3383.0,0,0,0,0,78.87088479744355,28.859826136282734,
DFO_3384_From_20080911_to_20081004,20,1,3384.0,0,0,0,0,100.4552459538217,20.87223588939929,
DFO_3394_From_20081014_to_20081016,20,1,3394.0,0,0,0,0,40.1647992304958,3.5433269733049086,
DFO_3405_From_20081112_to_20081117,20,1,3405.0,0,0,0,0,20.74090785431443,-31.664449849987623,
DFO_3413_From_20081122_to_20081204,20,1,3413.0,0,0,0,0,80.76528139983597,7.8747438687728355,
DFO_3421_From_20081213_to_20081214,20,1,3421.0,0,0,0,0,-69.9251057853932,7.021102354712928,
DFO_3422_From_20081213_to_20090112,20,1,3422.0,0,0,0,0,-59.360673991778064,4.898832232886332,
DFO_3425_From_20081226_to_20081228,20,1,3425.0,0,0,0,0,100.55404423866503,-0.12998159365116224,
DFO_3436_From_20090108_to_20090116,20,1,3436.0,2,0,0,2,-45.58621950660211,-15.147075576137146,
DFO_3437_From_20090120_to_20090127,20,1,3437.0,0,0,0,0,121.89025046398336,12.064047356711951,
DFO_3462_From_20090304_to_20090309,20,1,3462.0,0,0,0,0,16.253922871952863,-15.48974139124137,
DFO_3464_From_20090317_to_20090319,20,1,3464.0,0,2,0,2,-98.3908031904023,49.485364657889505,
DFO_3465_From_20090324_to_20090420,20,1,3465.0,0,0,0,0,100.04761898199592,-0.017925924213417394,
DFO_3467_From_20090327_to_20090327,20,1,3467.0,0,0,0,0,24.015082586658533,-19.736263921035263,
DFO_3474_From_20090417_to_20090427,20,1,3474.0,0,0,0,0,-99.27836566946247,31.636912913165062,
DFO_3476_From_20090422_to_20090514,20,1,3476.0,0,4,0,4,-147.20386662128752,64.04781058355054,
DFO_3485_From_20090420_to_20090515,20,1,3485.0,0,0,0,0,87.53958633510302,22.580832583880973,
DFO_3490_From_20090619_to_20090622,20,1,3490.0,0,0,0,0,-90.77460530166238,13.557243277888963,
DFO_3493_From_20090621_to_20090628,20,1,3493.0,0,0,0,0,23.664755486295135,-16.687966448420905,
DFO_3494_From_20090510_to_20090701,20,1,3494.0,0,0,0,0,104.77952117282086,17.461818990100046,
DFO_3495_From_20090703_to_20090706,20,1,3495.0,0,0,0,0,83.97056924402665,27.03192782996974,
DFO_3496_From_20090703_to_20090706,20,1,3496.0,0,0,0,0,89.89564772781344,27.080959305699153,
DFO_3530_From_20090818_to_20090827,20,1,3530.0,0,0,0,0,90.4239702169297,23.749347056856646,
DFO_3531_From_20090824_to_20090826,20,1,3531.0,0,0,0,0,-15.703674080467492,14.695183466275903,
DFO_3534_From_20090828_to_20090901,20,1,3534.0,0,2,0,2,3.4464522728969245,17.988964720856593,
DFO_3536_From_20090907_to_20090910,20,1,3536.0,0,0,0,0,25.617737981085842,37.60445203145958,
DFO_3543_From_20090910_to_20090919,20,1,3543.0,0,0,0,0,-95.59422116263109,19.444874838754448,
DFO_3544_From_20090921_to_20090928,20,1,3544.0,0,2,0,2,-83.61076646328326,33.2326645161074,
DFO_3551_From_20090925_to_20091012,20,1,3551.0,0,1,0,1,79.61091680385907,16.258865808468148,
DFO_3552_From_20091002_to_20091017,20,1,3552.0,0,0,0,0,121.89025046398336,12.064047356711951,
DFO_3553_From_20091004_to_20091012,20,1,3553.0,0,0,0,0,83.87498968654053,28.911055474159358,
DFO_3555_From_20091020_to_20091026,20,1,3555.0,0,0,0,0,5.348344463764351,7.234555463819439,
DFO_3559_From_20091026_to_20091028,20,1,3559.0,0,0,0,0,-57.981812607878105,-23.411702745167744,
DFO_3567_From_20091110_to_20091113,20,1,3567.0,0,4,0,4,-83.63073135454937,33.27828556058526,
DFO_3572_From_20091114_to_20091122,20,1,3572.0,1,0,0,1,-58.02937821229737,-31.18810498352453,
DFO_3577_From_20091121_to_20091208,20,1,3577.0,0,0,0,0,-53.946212599161925,-30.07954837179698,
DFO_3590_From_20100101_to_20100113,20,1,3590.0,0,0,0,0,146.12704727013602,-31.641069079166247,
DFO_3591_From_20100104_to_20100113,20,1,3591.0,0,0,0,0,21.121286401637995,41.416080995088144,
DFO_3602_From_20100126_to_20100213,20,1,3602.0,0,0,0,0,-100.184612061561,21.1274403742722,
DFO_3607_From_20100213_to_20100220,20,1,3607.0,0,0,0,0,25.617737981085842,37.60445203145958,
DFO_3615_From_20100228_to_20100317,20,1,3615.0,0,0,0,0,145.4247484179258,-25.938036048851203,
DFO_3616_From_20100301_to_20100317,20,1,3616.0,0,0,0,0,26.045590370538957,-15.028895590539616,
DFO_3622_From_20100310_to_20100317,20,1,3622.0,0,0,0,0,-86.29328930296276,32.42319936446325,
DFO_3625_From_20100310_to_20100324,20,1,3625.0,4,4,0,8,-90.03933845386742,42.664707321648876,
DFO_3629_From_20100327_to_20100331,20,1,3629.0,0,0,0,0,-73.3314913067644,39.693517892482234,
DFO_3630_From_20100327_to_20100331,20,1,3630.0,0,0,0,0,27.42649448451954,56.272304540151,
DFO_3635_From_20100420_to_20100422,20,1,3635.0,0,0,0,0,24.02761894908578,44.4185894718419,
DFO_3636_From_20100418_to_20100421,20,1,3636.0,0,0,0,0,91.27007932644219,26.198208106094924,
DFO_3637_From_20100417_to_20100421,20,1,3637.0,0,0,0,0,-79.5411986622872,21.290478276886027,
DFO_3639_From_20100416_to_20100421,20,1,3639.0,0,0,0,0,21.98510887087141,-17.575862883163502,
DFO_3640_From_20100416_to_20100502,20,1,3640.0,0,0,0,0,113.03613510702876,-1.8037726443067958,
DFO_3642_From_20100505_to_20100506,20,1,3642.0,0,0,0,0,45.51538966862926,14.770638340228572,
DFO_3643_From_20100504_to_20100514,20,1,3643.0,0,0,0,0,60.81933244997031,36.91631458488811,
DFO_3648_From_20100515_to_20100524,20,1,3648.0,0,0,0,0,16.945379169875164,49.69340521282652,
DFO_3650_From_20100515_to_20100626,20,1,3650.0,0,0,0,0,92.27262616739971,26.367441047015326,
DFO_3651_From_20100515_to_20100628,20,1,3651.0,0,0,0,0,112.40007254871666,26.872005696517267,
DFO_3652_From_20100518_to_20100524,20,1,3652.0,0,0,0,0,80.03187106722858,16.91676071577541,
DFO_3653_From_20100518_to_20100524,20,1,3653.0,0,0,0,0,-90.77460530166238,13.557243277888963,
DFO_3654_From_20100525_to_20100531,20,1,3654.0,0,0,0,0,170.4104992616503,-43.61963983892925,
DFO_3655_From_20100529_to_20100531,20,1,3655.0,0,0,0,0,-98.3908031904023,49.485364657889505,
DFO_3656_From_20100529_to_20100601,20,1,3656.0,0,1,0,1,121.89025046398336,12.064047356711951,
DFO_3657_From_20100529_to_20100611,20,1,3657.0,0,4,0,4,20.515821045808703,49.8032032646121,
DFO_3658_From_20100606_to_20100607,20,1,3658.0,3,0,0,3,71.65220289621162,26.832408297227563,
DFO_3659_From_20100611_to_20100611,20,1,3659.0,0,0,0,0,-98.77841148391343,35.190453908637146,
DFO_3661_From_20100616_to_20100617,20,1,3661.0,0,0,0,0,1.403945218400345,41.96647776151103,
DFO_3662_From_20100615_to_20100626,20,1,3662.0,0,0,0,0,94.27487530110187,22.491097611000974,
DFO_3663_From_20100622_to_20100626,20,1,3663.0,0,0,0,0,-1.760698073210682,9.393285498078464,
DFO_3665_From_20100622_to_20100626,20,1,3665.0,0,0,0,0,21.121286401637995,41.416080995088144,
DFO_3666_From_20100622_to_20100624,20,1,3666.0,0,0,0,0,72.16706417807643,35.36581002534386,
DFO_3667_From_20100622_to_20100630,20,1,3667.0,0,3,0,3,-38.14811591624362,-7.635877526732806,
DFO_3668_From_20100625_to_20100627,20,1,3668.0,0,0,0,0,120.70774763141124,23.594509442442057,
DFO_3670_From_20100625_to_20100627,20,1,3670.0,0,0,0,0,-71.67657690418102,18.82230514443148,
DFO_3671_From_20100630_to_20100707,20,1,3671.0,0,0,0,0,-102.2317455273667,28.508637222292617,
DFO_3673_From_20100702_to_20100706,20,1,3673.0,0,1,0,1,-100.18178871217307,50.46181868367549,
DFO_3674_From_20100705_to_20100715,20,1,3674.0,0,0,0,0,78.87311180403242,28.83798612289431,
DFO_3676_From_20100706_to_20100713,20,1,3676.0,1,0,0,1,95.53958845733538,39.73245656850974,
DFO_3678_From_20100701_to_20100715,20,1,3678.0,1,0,0,1,106.54690157093701,28.867632561886527,
DFO_3679_From_20100701_to_20100713,20,1,3679.0,0,0,0,0,84.1419774012404,24.226230651385706,
DFO_3681_From_20100707_to_20100723,20,1,3681.0,0,0,0,0,114.90865336470837,29.693957114422904,
DFO_3688_From_20100721_to_20100723,20,1,3688.0,0,0,0,0,109.5651749002706,23.552775315113713,
DFO_3689_From_20100725_to_20100725,20,1,3689.0,0,0,0,0,-95.88360684587737,42.500233358313984,
DFO_3692_From_20100723_to_20100803,20,1,3692.0,3,0,0,3,106.62826054440005,31.655809037424007,
DFO_3696_From_20100727_to_20101115,20,1,3696.0,0,3,0,3,74.96682747771538,33.09732684260991,
DFO_3698_From_20100727_to_20100808,20,1,3698.0,0,0,0,0,14.755594189937442,51.20877467344549,
DFO_3707_From_20100815_to_20101006,20,1,3707.0,0,0,0,0,-90.62547133993893,16.510444217204444,
DFO_3713_From_20100905_to_20100917,20,1,3713.0,0,0,0,0,92.27262616739971,26.367441047015326,
DFO_3714_From_20100815_to_20100917,20,1,3714.0,0,0,0,0,18.84763191915044,7.248162723985086,
DFO_3716_From_20100909_to_20100930,20,1,3716.0,0,0,0,0,83.96989516836256,25.92024105418647,
DFO_3717_From_20100918_to_20100930,20,1,3717.0,0,0,0,0,81.56840518830815,26.977194318660974,
DFO_3721_From_20100918_to_20100930,20,1,3721.0,0,0,0,0,-90.77503195318734,13.86617853528129,
DFO_3723_From_20100920_to_20100930,20,1,3723.0,0,0,0,0,100.26432430238793,17.06973057798306,
DFO_3726_From_20101002_to_20101006,20,1,3726.0,0,0,0,0,136.92121559354976,-4.88519442311887,
DFO_3732_From_20101001_to_20101012,20,1,3732.0,0,0,0,0,84.1419774012404,24.226230651385706,
DFO_3734_From_20101015_to_20101019,20,1,3734.0,0,0,0,0,145.4645734568199,-31.12355951018737,
DFO_3737_From_20101010_to_20101115,20,1,3737.0,0,0,0,0,102.3730964475551,14.155414754539807,
DFO_3741_From_20101001_to_20101105,20,1,3741.0,0,0,0,0,14.98165301291553,10.009621510368383,
DFO_3747_From_20101105_to_20101111,20,1,3747.0,0,0,0,0,-0.709668930393855,8.998073886121785,
DFO_3750_From_20101115_to_20101220,20,1,3750.0,0,3,0,3,-70.55591114816275,-0.6032314725330661,
DFO_3752_From_20101127_to_20101220,20,1,3752.0,0,0,0,0,145.29101701105765,-28.374226217615316,
DFO_3754_From_20101125_to_20101220,20,1,3754.0,0,2,0,2,-67.71044978426931,8.162880701402914,
DFO_3756_From_20101203_to_20101217,20,1,3756.0,0,0,0,0,21.120342188929815,41.37702580578909,
DFO_3765_From_20110101_to_20110118,20,1,3765.0,0,0,0,0,121.89025046398336,12.064047356711951,
DFO_3772_From_20110128_to_20110131,20,1,3772.0,0,0,0,0,175.59369363019098,-37.956707527087275,
DFO_3775_From_20110130_to_20110131,20,1,3775.0,0,0,0,0,-62.77649227643708,-15.111626822430688,
DFO_3776_From_20110201_to_20110214,20,1,3776.0,0,0,0,0,80.76528139983597,7.8747438687728355,
DFO_3777_From_20110201_to_20110204,20,1,3777.0,0,0,0,0,121.89025046398336,12.064047356711951,
DFO_3778_From_20110201_to_20110216,20,1,3778.0,1,0,0,1,26.476720467336516,-30.0762708137563,
DFO_3782_From_20110214_to_20110226,20,1,3782.0,0,0,0,0,-65.4501287792295,-11.779090633620221,
DFO_3786_From_20110307_to_20110328,20,1,3786.0,0,2,0,2,144.12021933893936,-21.32271933981033,
DFO_3787_From_20110311_to_20110311,20,1,3787.0,0,0,0,0,135.33588677460907,35.8822041776076,
DFO_3793_From_20110322_to_20110328,20,1,3793.0,0,0,0,0,146.15589672614684,-41.59661501188001,
DFO_3795_From_20110323_to_20110410,20,1,3795.0,0,0,0,0,101.03351999892213,8.763363149180206,
DFO_3801_From_20110401_to_20110419,20,1,3801.0,0,2,0,2,52.474157530115484,50.14475410720105,
DFO_3810_From_20110508_to_20110511,20,1,3810.0,0,0,0,0,-39.495500608040096,-8.502145393070926,
DFO_3812_From_20110504_to_20110609,20,1,3812.0,0,0,0,0,-72.61194728458246,45.02751706973804,
DFO_3815_From_20110604_to_20110729,20,1,3815.0,0,0,0,0,-102.02411817810525,43.784661564431495,
DFO_3820_From_20110605_to_20110621,20,1,3820.0,0,0,0,0,121.89025046398336,12.064047356711951,
DFO_3843_From_20110721_to_20110729,20,1,3843.0,0,0,0,0,87.53958633510302,22.580832583880973,
DFO_3846_From_20110723_to_20110729,20,1,3846.0,0,1,0,1,-52.13347669602031,-29.23718313527297,
DFO_3850_From_20110805_to_20120109,20,1,3850.0,0,2,0,2,102.56408558204666,14.714468477719745,
DFO_3853_From_20110810_to_20111115,20,1,3853.0,0,0,0,0,105.81927954241853,15.554076007525227,
DFO_3854_From_20110815_to_20111002,20,1,3854.0,0,0,0,0,81.56840518830815,26.977194318660974,
DFO_3856_From_20110815_to_20110908,20,1,3856.0,0,1,0,1,92.27262616739971,26.367441047015326,
DFO_3857_From_20110812_to_20111101,20,1,3857.0,0,0,0,0,71.65186102351598,27.027689953490434,
DFO_3861_From_20110827_to_20110913,20,1,3861.0,0,0,0,0,-75.73553215697918,40.36361573598393,
DFO_3863_From_20110820_to_20110908,20,1,3863.0,0,0,0,0,33.71264972985075,2.733570914659431,
DFO_3864_From_20110825_to_20110913,20,1,3864.0,0,0,0,0,76.45899873221084,16.395752322145828,
DFO_3866_From_20110905_to_20111002,20,1,3866.0,0,0,0,0,85.81621158201825,20.77434523070911,
DFO_3867_From_20110928_to_20111002,20,1,3867.0,0,0,0,0,121.89025046398336,12.064047356711951,
DFO_3868_From_20111001_to_20111010,20,1,3868.0,0,0,0,0,108.48739551871216,23.537492536772863,
DFO_3870_From_20111008_to_20111010,20,1,3870.0,0,0,0,0,32.05756472815013,34.978704563198505,
DFO_3871_From_20111010_to_20111101,20,1,3871.0,1,1,0,2,-94.41888764658361,16.019495403259793,
DFO_3872_From_20111026_to_20111029,20,1,3872.0,0,0,0,0,-1.5293817746637675,6.189752371406507,
DFO_3874_From_20111109_to_20111115,20,1,3874.0,0,0,0,0,39.48769409149204,2.101823605561794,
DFO_3875_From_20111109_to_20111220,20,1,3875.0,0,0,0,0,33.71264972985075,2.733570914659431,
DFO_3876_From_20111109_to_20111222,20,1,3876.0,0,0,0,0,-71.72037230801963,6.292487383590744,
DFO_3878_From_20111127_to_20111130,20,1,3878.0,0,0,0,0,99.83876067769974,-0.017924004667096694,
DFO_3879_From_20111127_to_20111222,20,1,3879.0,0,0,0,0,149.19781687435676,-30.573053620686288,
DFO_3880_From_20111127_to_20111202,20,1,3880.0,0,0,0,0,28.3912572851663,-29.98075414352091,
DFO_3881_From_20111129_to_20111222,20,1,3881.0,0,2,0,2,38.59387048259101,4.217672112087151,
DFO_3884_From_20111216_to_20111222,20,1,3884.0,0,0,0,0,121.89025046398336,12.064047356711951,
DFO_3886_From_20111220_to_20111222,20,1,3886.0,0,0,0,0,38.067233036348014,-4.375247281260429,
DFO_3888_From_20111218_to_20120104,20,1,3888.0,0,0,0,0,110.50400891281373,-7.290344148117991,
DFO_3889_From_20120101_to_20120109,20,1,3889.0,0,0,0,0,101.03351999892213,8.763363149180206,
DFO_3890_From_20120101_to_20120109,20,1,3890.0,0,0,0,0,-46.77452297551378,-19.195336902815963,
DFO_3892_From_20120117_to_20120214,20,1,3892.0,0,0,0,0,34.59187270557875,-17.64111131240477,
DFO_3893_From_20120122_to_20120206,20,1,3893.0,0,0,0,0,178.58395557040515,-17.656243325585713,
DFO_3894_From_20120122_to_20120307,20,1,3894.0,0,6,0,6,144.84770960382536,-21.6533135696964,
DFO_3895_From_20120127_to_20120129,20,1,3895.0,0,0,0,0,110.50400891281373,-7.290344148117991,
DFO_3896_From_20120201_to_20120206,20,1,3896.0,0,0,0,0,21.120309170721924,41.523287222121475,
DFO_3897_From_20120203_to_20120206,20,1,3897.0,0,0,0,0,21.120342188929815,41.37702580578909,
DFO_3899_From_20120212_to_20120214,20,1,3899.0,0,0,0,0,110.50400891281373,-7.290344148117991,
DFO_3900_From_20120220_to_20120227,20,1,3900.0,0,0,0,0,121.89025046398336,12.064047356711951,
DFO_3901_From_20120220_to_20120227,20,1,3901.0,0,0,0,0,11.306463996831692,9.632291006322337,
DFO_3902_From_20120220_to_20120227,20,1,3902.0,0,0,0,0,105.45769759176476,-1.470237958046157,
DFO_3904_From_20120225_to_20120227,20,1,3904.0,0,0,0,0,3.5652837914325377,32.982143053970134,
DFO_3910_From_20120301_to_20120326,20,1,3910.0,0,0,0,0,-70.43797347743376,-3.032899680927885,
DFO_3914_From_20120326_to_20120330,20,1,3914.0,0,0,0,0,121.89025046398336,12.064047356711951,
DFO_3915_From_20120408_to_20120426,20,1,3915.0,0,0,0,0,-71.67657690418102,18.82230514443148,
DFO_3916_From_20120408_to_20120426,20,1,3916.0,0,1,0,1,42.22419042053044,57.07283221354795,
DFO_3917_From_20120409_to_20120426,20,1,3917.0,0,0,0,0,34.78952760664355,0.794716449167671,
DFO_3919_From_20120405_to_20120426,20,1,3919.0,0,0,0,0,-60.07494858547137,-20.697233404422153,
DFO_3925_From_20120501_to_20120507,20,1,3925.0,0,0,0,0,-69.05003008707745,-7.510585376292759,
DFO_3931_From_20120520_to_20120529,20,1,3931.0,0,1,0,1,157.6860352590106,65.63076844016128,
DFO_3948_From_20120713_to_20120716,20,1,3948.0,0,0,0,0,-98.50569446299801,30.275841320890045,
DFO_3960_From_20120803_to_20120806,20,1,3960.0,0,0,0,0,80.10060584242882,20.065184782910713,
DFO_3961_From_20120804_to_20120806,20,1,3961.0,0,0,0,0,20.394086862339606,13.106961030873586,
DFO_3962_From_20120804_to_20120806,20,1,3962.0,0,0,0,0,-2.892580082228686,54.48684297079539,
DFO_3963_From_20120803_to_20120806,20,1,3963.0,0,0,0,0,123.18485201958639,40.48252856075379,
DFO_3965_From_20120814_to_20120820,20,1,3965.0,0,0,0,0,101.84348344983965,30.808251158182284,
DFO_3966_From_20120816_to_20120820,20,1,3966.0,0,0,0,0,80.07725927914386,20.064881232992217,
DFO_3969_From_20120812_to_20120820,20,1,3969.0,0,0,0,0,135.33588677460907,35.8822041776076,
DFO_3971_From_20120824_to_20120829,20,1,3971.0,0,0,0,0,-11.810621413097152,10.59089684573224,
DFO_3974_From_20120823_to_20120829,20,1,3974.0,0,0,0,0,74.96682747771538,33.09732684260991,
DFO_3975_From_20120825_to_20120829,20,1,3975.0,0,0,0,0,106.82743445906468,37.748317577688105,
DFO_3976_From_20120825_to_20120926,20,1,3976.0,0,0,0,0,11.306463996831692,9.632291006322337,
DFO_3977_From_20120828_to_20120907,20,1,3977.0,0,2,0,2,-93.87601249605231,32.50090268242061,
DFO_3979_From_20120817_to_20120907,20,1,3979.0,0,0,0,0,127.03750151425936,37.18547892260775,
DFO_3980_From_20120820_to_20120907,20,1,3980.0,0,0,0,0,32.65376065425783,2.758922935733782,
DFO_3981_From_20120815_to_20120907,20,1,3981.0,0,0,0,0,33.71264972985075,2.733570914659431,
DFO_3982_From_20120902_to_20120907,20,1,3982.0,0,0,0,0,-11.810587247829504,10.187630760279534,
DFO_3983_From_20120916_to_20120918,20,1,3983.0,0,0,0,0,78.87311180403242,28.83798612289431,
DFO_3984_From_20120910_to_20121029,20,1,3984.0,0,0,0,0,71.77209703962635,27.05271063961743,
DFO_3985_From_20120912_to_20120926,20,1,3985.0,0,0,0,0,98.91015599919892,20.402348295683453,
DFO_3991_From_20120907_to_20121003,20,1,3991.0,0,0,0,0,29.87005232673895,5.838151572978509,
DFO_3992_From_20120922_to_20121003,20,1,3992.0,0,0,0,0,43.83330537938186,5.523900162090714,
DFO_3994_From_20120915_to_20121015,20,1,3994.0,0,0,0,0,1.0834081361244734,16.904298907656564,
DFO_3995_From_20120915_to_20121015,20,1,3995.0,0,1,0,1,19.739311547972566,10.168124159615266,
DFO_4001_From_20121104_to_20121108,20,1,4001.0,0,0,0,0,78.17139613095014,12.286347593843553,
DFO_4005_From_20121204_to_20121204,20,1,4005.0,0,0,0,0,121.89025046398336,12.064047356711951,
DFO_4006_From_20121202_to_20121204,20,1,4006.0,0,0,0,0,32.05760839333071,34.96255438451016,
DFO_4007_From_20121120_to_20121204,20,1,4007.0,0,0,0,0,-58.98041652415578,-24.228768907462324,
DFO_4009_From_20121120_to_20121218,20,1,4009.0,0,0,0,0,-2.892580082228686,54.48684297079539,
DFO_4013_From_20130103_to_20130110,20,1,4013.0,0,0,0,0,122.83338614663222,-0.9724926034999823,
DFO_4016_From_20130104_to_20130110,20,1,4016.0,0,0,0,0,121.89025046398336,12.064047356711951,
DFO_4017_From_20130104_to_20130110,20,1,4017.0,0,0,0,0,-70.56159733542344,-7.687166052576291,
DFO_4019_From_20130108_to_20130110,20,1,4019.0,0,1,0,1,32.853975241529255,34.02686675237796,
DFO_4020_From_20130113_to_20130122,20,1,4020.0,0,0,0,0,110.50400891281373,-7.290344148117991,
DFO_4022_From_20130113_to_20130117,20,1,4022.0,0,3,0,3,35.837222665831476,0.7955147064263353,
DFO_4023_From_20130117_to_20130304,20,1,4023.0,0,0,0,0,29.107653017504376,-26.790982649718966,
DFO_4024_From_20130122_to_20130201,20,1,4024.0,0,4,0,4,144.04335357592427,-21.6881281840925,
DFO_4026_From_20130115_to_20130201,20,1,4026.0,0,0,0,0,23.713217846214835,-19.51241963080812,
DFO_4028_From_20121201_to_20130212,20,1,4028.0,0,0,0,0,140.7389194645982,-5.668873546961687,
DFO_4032_From_20130220_to_20130304,20,1,4032.0,0,0,0,0,104.1080040642596,-1.9875956811053046,
DFO_4037_From_20130301_to_20130317,20,1,4037.0,0,0,0,0,23.6657622084409,-16.437943075556554,
DFO_4051_From_20130427_to_20130429,20,1,4051.0,0,0,0,0,-98.3908031904023,49.485364657889505,
DFO_4055_From_20130501_to_20130516,20,1,4055.0,0,0,0,0,43.07984119472594,3.64358385202104,
DFO_4075_From_20130704_to_20130715,20,1,4075.0,0,0,0,0,-57.981513414024796,-20.955629460306522,
DFO_4078_From_20130801_to_20130807,20,1,4078.0,0,0,0,0,71.98812009638365,31.40768191570035,
DFO_4079_From_20130801_to_20130807,20,1,4079.0,0,0,0,0,127.22218085366639,48.57676180047399,
DFO_4082_From_20130807_to_20130821,20,1,4082.0,0,0,0,0,71.61487375770686,29.201421131539217,
DFO_4083_From_20130807_to_20131014,20,1,4083.0,0,4,7,11,124.54279597561384,52.11332604758781,
DFO_4090_From_20130927_to_20131014,20,1,4090.0,0,0,0,0,105.81927954241853,15.554076007525227,
DFO_4092_From_20130930_to_20131014,20,1,4092.0,0,0,0,0,99.10099900932552,16.608776885809384,
DFO_4094_From_20131008_to_20131014,20,1,4094.0,0,0,0,0,29.657885438825005,5.610555852302916,
DFO_4098_From_20131012_to_20131110,20,1,4098.0,0,0,3,3,82.29151802997234,25.882532425249686,
DFO_4101_From_20131031_to_20131110,20,1,4101.0,0,0,1,1,-99.59606222307035,30.262064451508426,
DFO_4105_From_20131108_to_20131119,20,1,4105.0,0,0,0,0,55.477754351895605,21.262972433301393,
DFO_4111_From_20131227_to_20140207,20,1,4111.0,0,0,0,0,-4.40814523859165,54.509990520386744,
DFO_4115_From_20131222_to_20140104,20,1,4115.0,0,1,0,1,-83.61067447183514,38.252310383804044,
DFO_4117_From_20140110_to_20140501,20,1,4117.0,0,0,0,0,-62.77649227643708,-15.111626822430688,
DFO_4130_From_20140324_to_20140330,20,1,4130.0,0,0,0,0,149.68963242517503,-27.499165570811588,
DFO_4137_From_20140418_to_20140501,20,1,4137.0,0,0,0,0,37.017327052447364,-5.836917116960567,
DFO_4140_From_20140510_to_20140516,20,1,4140.0,0,0,0,0,37.017327052447364,-5.836917116960567,
DFO_4146_From_20140530_to_20140610,20,1,4146.0,0,0,0,0,109.5651749002706,23.552775315113713,
DFO_4150_From_20140603_to_20140714,20,1,4150.0,0,0,1,1,-56.32777323310906,-23.44883710955284,
DFO_4153_From_20140617_to_20140625,20,1,4153.0,0,0,0,0,121.89025046398336,12.064047356711951,
DFO_4154_From_20140623_to_20140625,20,1,4154.0,0,0,0,0,89.89576895081453,27.57522692948602,
DFO_4156_From_20140711_to_20140714,20,1,4156.0,0,0,0,0,98.90994867429097,20.89005029117839,
DFO_4157_From_20140705_to_20140714,20,1,4157.0,0,0,0,0,175.59369363019098,-37.956707527087275,
DFO_4159_From_20140522_to_20140729,20,1,4159.0,0,0,2,2,-65.62643128635331,-7.541793652630125,
DFO_4163_From_20140703_to_20140729,20,1,4163.0,0,4,0,4,-57.15648345634374,-30.99205803968846,
DFO_4171_From_20140811_to_20140908,20,1,4171.0,0,1,0,1,81.56840518830815,26.977194318660974,
DFO_4174_From_20140814_to_20140908,20,1,4174.0,0,0,0,0,81.56840518830815,26.977194318660974,
DFO_4175_From_20140813_to_20140819,20,1,4175.0,0,0,0,0,4.075036168999889,16.914553119924882,
DFO_4176_From_20140815_to_20140908,20,1,4176.0,0,0,0,0,89.89576895081453,27.57522692948602,
DFO_4178_From_20140820_to_20140908,20,1,4178.0,0,0,0,0,83.97056924402665,27.03192782996974,
DFO_4179_From_20140901_to_20141011,20,1,4179.0,0,4,0,4,74.96663131841325,34.39783607449023,
DFO_4184_From_20140901_to_20140908,20,1,4184.0,0,0,0,0,102.3730964475551,14.155414754539807,
DFO_4186_From_20140921_to_20141011,20,1,4186.0,0,1,0,1,32.85363580067207,9.243689381880296,
DFO_4188_From_20140924_to_20141011,20,1,4188.0,0,0,2,2,89.5571559301383,27.074069897421936,
DFO_4189_From_20140919_to_20141011,20,1,4189.0,0,0,0,0,121.89025046398336,12.064047356711951,
DFO_4197_From_20141018_to_20141027,20,1,4197.0,0,0,0,0,-99.49842691173512,22.640907964112102,
DFO_4198_From_20141012_to_20141027,20,1,4198.0,0,0,2,2,79.61091680385907,16.258865808468148,
DFO_4199_From_20141019_to_20141022,20,1,4199.0,0,0,0,0,-15.789014207183827,30.357216871797306,
DFO_4201_From_20141024_to_20141116,20,1,4201.0,0,0,0,0,43.506529131794295,5.013984086529148,
DFO_4206_From_20141107_to_20141116,20,1,4206.0,0,0,0,0,101.03351999892213,8.763363149180206,
DFO_4211_From_20141204_to_20141214,20,1,4211.0,0,1,0,1,25.61674791074555,37.7429707955879,
DFO_4213_From_20141211_to_20141214,20,1,4213.0,0,0,0,0,-116.98969963549409,34.097263851984195,
DFO_4215_From_20141220_to_20150101,20,1,4215.0,0,0,0,0,80.76528139983597,7.8747438687728355,
DFO_4216_From_20141220_to_20150101,20,1,4216.0,0,0,0,0,101.03351999892213,8.763363149180206,
DFO_4217_From_20141210_to_20150101,20,1,4217.0,0,4,0,4,121.89025046398336,12.064047356711951,
DFO_4218_From_20150105_to_20150111,20,1,4218.0,0,1,0,1,131.778254775158,-19.86245298496916,
DFO_4219_From_20150101_to_20150209,20,1,4219.0,0,2,0,2,35.0792435164912,-17.003790900967186,
DFO_4220_From_20150105_to_20150209,20,1,4220.0,0,0,0,0,-65.4501287792295,-11.779090633620221,
DFO_4221_From_20150201_to_20150209,20,1,4221.0,0,1,0,1,25.61674791074555,37.7429707955879,
DFO_4222_From_20150205_to_20150209,20,1,4222.0,0,0,0,0,122.83338614663222,-0.9724926034999823,
DFO_4224_From_20150105_to_20150209,20,1,4224.0,0,2,0,2,46.8381669981184,-18.696675059490385,
DFO_4225_From_20150220_to_20150224,20,1,4225.0,0,0,0,0,-69.04991998183942,-8.694988971590615,
DFO_4226_From_20150222_to_20150224,20,1,4226.0,0,3,0,3,140.4373630970696,-22.986921628239752,
DFO_4227_From_20150220_to_20150224,20,1,4227.0,0,0,0,0,-71.67657690418102,18.82230514443148,
DFO_4230_From_20150310_to_20150323,20,1,4230.0,0,0,0,0,-83.61067447183514,38.252310383804044,
DFO_4231_From_20150315_to_20150323,20,1,4231.0,0,0,0,0,110.50400891281373,-7.290344148117991,
DFO_4233_From_20150309_to_20150323,20,1,4233.0,0,0,0,0,15.703674194583945,-9.952676024171774,
DFO_4239_From_20150320_to_20150331,20,1,4239.0,0,0,0,0,76.54966232379698,32.380168702696785,
DFO_4241_From_20150305_to_20150415,20,1,4241.0,0,2,0,2,47.14245490029784,-18.623031040618823,
DFO_4242_From_20150323_to_20150415,20,1,4242.0,0,0,0,0,68.44133893768789,48.13658293608413,
DFO_4251_From_20150517_to_20150521,20,1,4251.0,0,0,0,0,78.17139613095014,12.286347593843553,
DFO_4258_From_20150515_to_20150602,20,1,4258.0,0,0,1,1,79.96184866081663,54.180298921429035,
DFO_4259_From_20150602_to_20150629,20,1,4259.0,0,0,0,0,89.89576895081453,27.57522692948602,
DFO_4265_From_20150624_to_20150629,20,1,4265.0,0,0,0,0,71.09940896967335,22.798391658156312,
DFO_4272_From_20150715_to_20150819,20,1,4272.0,0,3,0,3,74.96663969494695,34.18777525635755,
DFO_4274_From_20150718_to_20150721,20,1,4274.0,0,0,0,0,-83.61067447183514,38.252310383804044,
DFO_4275_From_20150716_to_20150721,20,1,4275.0,0,0,0,0,-59.978265752082805,4.897783649079955,
DFO_4276_From_20150710_to_20150721,20,1,4276.0,0,0,0,0,-51.11396973437691,-24.76703860246185,
DFO_4280_From_20150725_to_20150805,20,1,4280.0,0,0,0,0,107.40367821327159,18.079902261886605,
DFO_4282_From_20150715_to_20150819,20,1,4282.0,0,0,0,0,81.2755832396751,21.38074939148338,
DFO_4283_From_20150715_to_20150819,20,1,4283.0,0,0,0,0,95.43031835481783,23.69115229828262,
DFO_4288_From_20150813_to_20150911,20,1,4288.0,0,0,0,0,89.89576895081453,27.57522692948602,
DFO_4293_From_20150907_to_20150911,20,1,4293.0,0,0,0,0,107.40367821327159,18.079902261886605,
DFO_4294_From_20150830_to_20150911,20,1,4294.0,0,0,0,0,11.306408421722255,10.976328088079546,
DFO_4300_From_20151022_to_20151028,20,1,4300.0,0,0,0,0,121.89025046398336,12.064047356711951,
DFO_4301_From_20151014_to_20151028,20,1,4301.0,0,0,0,0,-56.33731747556349,-24.399051009422184,
DFO_4305_From_20151024_to_20151028,20,1,4305.0,0,0,0,0,31.645462909137038,22.085961717482725,
DFO_4306_From_20151002_to_20151008,20,1,4306.0,0,0,1,1,-75.22949935240464,23.913532055589073,
DFO_4309_From_20151110_to_20151204,20,1,4309.0,0,0,0,0,78.17139613095014,12.286347593843553,
DFO_4314_From_20151215_to_20160129,20,1,4314.0,0,3,0,3,-95.88962212139987,39.70642738066301,
DFO_4315_From_20151201_to_20160129,20,1,4315.0,0,0,8,8,-57.98184002676838,-24.206389464874462,
DFO_4317_From_20151201_to_20160106,20,1,4317.0,0,0,0,0,39.1227534970025,-3.7101641466295465,
DFO_4318_From_20151212_to_20160106,20,1,4318.0,0,0,0,0,121.89025046398336,12.064047356711951,
DFO_4319_From_20151205_to_20160126,20,1,4319.0,0,0,0,0,-4.40814523859165,54.509990520386744,
DFO_4322_From_20160115_to_20160129,20,1,4322.0,0,0,0,0,-46.003839301844316,-21.771595718605845,
DFO_4324_From_20160114_to_20160129,20,1,4324.0,0,0,0,0,34.76476838928573,-0.6178051259711245,
DFO_4325_From_20160105_to_20160129,20,1,4325.0,0,0,3,3,-60.07494858547137,-20.697233404422153,
DFO_4326_From_20160119_to_20160129,20,1,4326.0,0,0,0,0,-70.43797347743376,-3.032899680927885,
DFO_4327_From_20160127_to_20160129,20,1,4327.0,0,0,0,0,146.12711627193892,-36.3972024015646,
DFO_4328_From_20160127_to_20160129,20,1,4328.0,0,0,0,0,-2.892580082228686,54.48684297079539,
DFO_4330_From_20160118_to_20160310,20,1,4330.0,0,1,0,1,105.45769759176476,-1.470237958046157,
DFO_4334_From_20160306_to_20160310,20,1,4334.0,0,0,0,0,21.137653818307967,45.77632576608344,
DFO_4335_From_20160228_to_20160310,20,1,4335.0,0,0,0,0,-65.4501287792295,-11.779090633620221,
DFO_4337_From_20160308_to_20160325,20,1,4337.0,0,2,0,2,-96.55761735772111,30.89687042981486,
DFO_4339_From_20160312_to_20160413,20,1,4339.0,0,2,0,2,74.96682747771538,33.09732684260991,
DFO_4340_From_20160305_to_20160325,20,1,4340.0,0,3,0,3,-62.686013003201765,-28.54322466950257,
DFO_4346_From_20160401_to_20160413,20,1,4346.0,0,0,2,2,-59.149655415939996,-30.94412196648057,
DFO_4350_From_20160412_to_20160511,20,1,4350.0,0,0,0,0,-57.15603754536268,-30.625189413190604,
DFO_4355_From_20160420_to_20160501,20,1,4355.0,0,0,0,0,90.4239702169297,23.749347056856646,
DFO_4357_From_20160422_to_20160530,20,1,4357.0,0,1,0,1,36.55918625231642,-5.792302649812603,
DFO_4358_From_20160415_to_20160530,20,1,4358.0,0,0,3,3,47.907615558561304,50.47886631621166,
DFO_4359_From_20160526_to_20160624,20,1,4359.0,0,0,0,0,-96.55761735772111,30.89687042981486,
DFO_4364_From_20160617_to_20160624,20,1,4364.0,0,1,0,1,110.50400891281373,-7.290344148117991,
DFO_4365_From_20160601_to_20160816,20,1,4365.0,0,0,0,0,94.73292509192643,22.137452979349113,
DFO_4369_From_20160630_to_20160706,20,1,4369.0,0,0,0,0,34.60988841393176,11.855303045680168,
DFO_4376_From_20160718_to_20160719,20,1,4376.0,0,0,0,0,101.03351999892213,8.763363149180206,
DFO_4378_From_20160707_to_20160803,20,1,4378.0,0,0,0,0,81.12463910351885,19.548634423950627,
DFO_4381_From_20160725_to_20160803,20,1,4381.0,0,0,0,0,24.72272994898529,-30.42370807637023,
DFO_4382_From_20160725_to_20160826,20,1,4382.0,0,0,0,0,84.1419774012404,24.226230651385706,
DFO_4386_From_20160730_to_20160731,20,1,4386.0,0,0,0,0,-77.141702380655,40.41280212517424,
DFO_4388_From_20160814_to_20160826,20,1,4388.0,0,0,0,0,-91.4934116636853,30.18021484286063,
DFO_4390_From_20160815_to_20160826,20,1,4390.0,0,0,0,0,96.15454503372035,22.84997159495515,
DFO_4391_From_20160914_to_20160922,20,1,4391.0,0,0,0,0,5.497713208135322,16.861090373468137,
DFO_4403_From_20161006_to_20161016,20,1,4403.0,0,0,0,0,102.3730964475551,14.155414754539807,
DFO_4412_From_20161010_to_20161110,20,1,4412.0,0,0,5,5,-57.87678626934925,-32.37402151699864,
DFO_4423_From_20161201_to_20161207,20,1,4423.0,0,0,0,0,102.21929618548845,10.44293701359391,
DFO_4427_From_20161226_to_20170105,20,1,4427.0,0,0,7,7,-58.028951371620785,-31.86506437290566,
DFO_4428_From_20161225_to_20170105,20,1,4428.0,0,0,0,0,133.43164094062058,-20.225339673213526,
DFO_4432_From_20161231_to_20170207,20,1,4432.0,0,0,0,0,101.03351999892213,8.763363149180206,
DFO_4434_From_20170104_to_20170105,20,1,4434.0,0,1,0,1,-121.2770741145921,40.370024063855894,
DFO_4435_From_20170105_to_20170121,20,1,4435.0,0,4,0,4,-56.33731747556349,-24.399051009422184,
DFO_4439_From_20170101_to_20170207,20,1,4439.0,0,0,0,0,32.81209943444133,-21.34304775813027,
DFO_4444_From_20170216_to_20170303,20,1,4444.0,0,3,0,3,-116.91328946212559,32.68279311400353,
DFO_4451_From_20170313_to_20170322,20,1,4451.0,0,0,0,0,146.1266606258239,-33.144392010209266,
DFO_4455_From_20170309_to_20170322,20,1,4455.0,0,0,0,0,19.098419599335983,-20.38187273012868,
DFO_4459_From_20170330_to_20170418,20,1,4459.0,0,0,0,0,91.27005780217328,25.70839476467149,
DFO_4461_From_20170405_to_20170421,20,1,4461.0,0,0,0,0,175.59369363019098,-37.956707527087275,
DFO_4462_From_20170405_to_20170421,20,1,4462.0,0,0,0,0,-68.69198650189692,-45.618288080392645,
DFO_4464_From_20170405_to_20170421,20,1,4464.0,0,0,3,3,-61.07309800467971,-23.488962591982595,
DFO_4465_From_20170414_to_20170421,20,1,4465.0,0,0,0,0,75.22679192629465,53.01615241126209,
DFO_4472_From_20170508_to_20170515,20,1,4472.0,0,0,0,0,37.670851446055096,-3.7094315388514127,
DFO_4483_From_20170602_to_20170703,20,1,4483.0,0,0,0,0,90.4239702169297,23.749347056856646,
DFO_4485_From_20170612_to_20170614,20,1,4485.0,0,0,0,0,121.89025046398336,12.064047356711951,
DFO_4495_From_20170804_to_20170821,20,1,4495.0,0,0,0,0,-67.71051464230086,7.787298239453374,
DFO_4499_From_20170727_to_20170810,20,1,4499.0,0,0,0,0,87.53958633510302,22.580832583880973,
DFO_4500_From_20170802_to_20170810,20,1,4500.0,0,0,0,0,106.76080923423689,22.780791323101145,
DFO_4503_From_20170725_to_20170729,20,1,4503.0,0,0,0,0,10.452193116809315,53.01021862347683,
DFO_4507_From_20170810_to_20170826,20,1,4507.0,0,2,0,2,79.59592337289494,27.73602863040701,
DFO_4508_From_20170810_to_20170826,20,1,4508.0,0,0,0,0,84.1419774012404,24.226230651385706,
DFO_4515_From_20170823_to_20170826,20,1,4515.0,0,0,0,0,109.5651749002706,23.552775315113713,
DFO_4516_From_20170908_to_20170919,20,1,4516.0,0,1,3,4,-78.17742316577525,26.24649385850929,
